b,30.83,0,u,g,w,v,1.25,t,t,01,f,g,00202,0,+,Column_1_decimal_scaling,Column_1_minmax_scaling,Column_1_z_normalization,Column_1_ratio_scaling
b,30.83,0,u,g,w,v,1.25,t,t,01,f,g,00202,0,+,Column_1_decimal_scaling,Column_1_minmax_scaling,Column_1_z_normalization,Column_1_ratio_scaling
a,58.67,4.46,u,g,q,h,3.04,t,t,06,f,g,00043,560,+,0.5867,0.6838095238095239,2.284229302297033,1.8601150082948035
a,24.50,0.5,u,g,q,h,1.5,t,f,0,f,g,00280,824,+,0.245,0.18315018315018314,-0.5928501809786898,0.7767652582788935
b,27.83,1.54,u,g,w,v,3.75,t,t,05,t,g,00100,3,+,0.2783,0.2319413919413919,-0.3124675447683254,0.8823419239959839
b,20.17,5.625,u,g,w,v,1.71,t,f,0,f,s,00120,0,+,0.20170000000000002,0.11970695970695973,-0.9574318070420166,0.6394838881422564
b,32.08,4,u,g,m,v,2.5,t,f,0,t,g,00360,0,+,0.3208,0.2942124542124542,0.045378162106764514,1.0170869177790571
b,33.17,1.04,u,g,r,h,6.5,t,f,0,t,g,00164,31285,+,0.3317,0.31018315018315024,0.13715506104649375,1.0516450455963633
a,22.92,11.585,u,g,cc,v,0.04,t,f,0,f,g,00080,1349,+,0.22920000000000001,0.16000000000000003,-0.7258845849463702,0.7266718252960098
b,54.42,0.5,y,p,k,h,3.96,t,f,0,f,g,00180,314,+,0.5442,0.6215384615384616,1.9263835954219433,1.72537001451173
b,42.50,4.915,y,p,w,v,3.165,t,f,0,t,g,00052,1442,+,0.425,0.4468864468864469,0.9227316363746322,1.3474499378307336
b,22.08,0.83,u,g,c,h,2.165,f,f,0,t,g,00128,0,+,0.2208,0.14769230769230768,-0.7966117364228588,0.7000398735835905
b,29.92,1.835,u,g,c,h,4.335,t,f,0,f,g,00260,200,+,0.2992,0.26256410256410256,-0.13649165597563384,0.9486047562328366
a,38.25,6,u,g,k,v,1,t,f,0,t,g,00000,0,+,0.3825,0.38461538461538464,0.5648859294995423,1.2127049440476603
b,48.08,6.04,u,g,k,v,0.04,f,f,0,f,g,00000,2690,+,0.4808,0.5286446886446886,1.3925619997541618,1.524362188491804
a,45.83,10.5,u,g,q,v,5,t,t,07,t,g,00000,0,+,0.4583,0.49567765567765565,1.2031142725849966,1.453026603547824
b,36.67,4.415,y,p,k,v,0.25,t,t,10,t,g,00320,0,+,0.3667,0.3614652014652015,0.4318515255318619,1.1626115110647766
b,28.25,0.875,u,g,m,v,0.96,t,t,03,t,g,00396,0,+,0.2825,0.23809523809523808,-0.27710396903008105,0.8956578998521936
a,23.25,5.875,u,g,q,v,3.17,t,t,10,f,g,00120,245,+,0.2325,0.16483516483516483,-0.6980989182948928,0.7371343777544601
b,21.83,0.25,u,g,d,h,0.665,t,f,0,t,g,00000,0,+,0.2183,0.144029304029304,-0.8176614838860994,0.6921136974787039
a,19.17,8.585,u,g,h,0.75,t,t,07,f,g,00096,0,+,-,0.1917,0.10505494505494507,-1.041630796894979,0.6077791837227098
b,25.00,11.25,u,g,c,v,2.5,t,t,17,f,g,00200,1208,+,0.25,0.19047619047619047,-0.5507506860522087,0.7926176104886669
b,23.25,1,u,g,c,v,0.835,t,f,0,f,s,00300,0,+,0.2325,0.16483516483516483,-0.6980989182948928,0.7371343777544601
a,47.75,8,u,g,c,v,7.875,t,t,06,t,g,00000,1260,+,0.4775,0.5238095238095238,1.3647763331026843,1.5138996360333536
a,27.42,14.5,u,g,x,h,3.085,t,t,01,f,g,00120,11,+,0.2742,0.22593406593406595,-0.34698913060803965,0.8693429951839698
a,41.17,6.5,u,g,q,v,0.5,t,t,03,t,g,00145,0,+,0.4117,0.4273992673992674,0.8107469798701924,1.3052826809527367
a,15.83,0.585,u,g,c,h,1.5,t,t,02,f,g,00100,0,+,0.1583,0.056117216117216116,-1.3228554230038732,0.5018854709614239
a,47.00,13,u,g,i,bb,5.165,t,t,09,t,g,00000,0,+,0.47,0.5128205128205128,1.3016270907129626,1.4901211077186938
b,56.58,18.5,u,g,d,bb,15,t,t,17,t,g,00000,0,+,0.5658,0.6531868131868132,2.108253413504342,1.7938521760579507
b,57.42,8.5,u,g,e,h,7,t,t,03,f,g,00000,0,+,0.5742,0.6654945054945055,2.1789805649808303,1.82048412777037
b,42.08,1.04,u,g,w,v,5,t,t,06,t,g,00500,10000,+,0.4208,0.44073260073260073,0.8873680606363878,1.334133961974524
b,29.25,14.79,u,g,aa,v,5.04,t,t,05,t,g,00168,0,+,0.2925,0.25274725274725274,-0.19290497917711874,0.9273626042717402
b,42.00,9.79,u,g,x,h,7.96,t,t,08,f,g,00000,0,+,0.42,0.43956043956043955,0.880632141448151,1.3315975856209603
b,49.50,7.585,u,g,i,bb,7.585,t,t,15,t,g,00000,5000,+,0.495,0.5494505494505495,1.5121245653453685,1.5693828687675604
a,36.75,5.125,u,g,e,v,5,t,f,0,t,g,00000,4000,+,0.3675,0.3626373626373626,0.43858744472009875,1.1651478874183403
a,22.58,10.75,u,g,q,v,0.415,t,t,05,t,g,00000,560,+,0.22579999999999997,0.155018315018315,-0.7545122414963776,0.7158922257933639
b,27.83,1.5,u,g,w,v,2,t,t,11,t,g,00434,35,+,0.2783,0.2319413919413919,-0.3124675447683254,0.8823419239959839
b,27.25,1.585,u,g,cc,h,1.835,t,t,12,t,g,00583,713,+,0.2725,0.22344322344322345,-0.3613029588830434,0.8639531954326468
a,23.00,11.75,u,g,x,h,0.5,t,t,02,t,g,00300,551,+,0.23,0.16117216117216118,-0.7191486657581333,0.7292082016495735
b,27.75,0.585,y,p,cc,v,0.25,t,t,02,f,g,00260,500,+,0.2775,0.23076923076923078,-0.31920346395656224,0.8798055476424202
b,54.58,9.415,u,g,ff,ff,14.415,t,t,11,t,g,00030,300,+,0.5458,0.6238827838827838,1.939855433798417,1.7304427672188574
b,34.17,9.17,u,g,c,v,4.5,t,t,12,t,g,00000,221,+,0.3417,0.32483516483516484,0.2213540508994561,1.08334975001591
b,28.92,15,u,g,c,h,5.335,t,t,11,f,g,00000,2283,+,0.2892,0.24791208791208794,-0.22069064582859618,0.9169000518132898
b,29.67,1.415,u,g,w,h,0.75,t,t,01,f,g,00240,100,+,0.2967,0.2589010989010989,-0.1575414034388744,0.9406785801279499
b,39.58,13.915,u,g,w,v,8.625,t,t,06,t,g,00070,0,+,0.3958,0.40410256410256407,0.676870586003982,1.2548722009256572
b,56.42,28,y,p,c,v,28.5,t,t,40,f,g,00000,15,+,0.5642,0.6508424908424909,2.094781575127868,1.7887794233508234
b,54.33,6.75,u,g,c,h,2.625,t,t,11,t,g,00000,284,+,0.5433,0.6202197802197802,1.9188056863351763,1.7225165911139708
a,41.00,2.04,y,p,q,h,0.125,t,t,23,t,g,00455,1236,+,0.41,0.4249084249084249,0.7964331515951887,1.2998928812014137
b,31.92,4.46,u,g,cc,h,6.04,t,t,03,f,g,00311,300,+,0.31920000000000004,0.2918681318681319,0.03190632373029083,1.0120141650719299
b,41.50,1.54,u,g,i,bb,3.5,f,f,0,f,g,00216,0,+,0.415,0.43223443223443225,0.8385326465216698,1.315745233411187
b,23.92,0.665,u,g,c,v,0.165,f,f,0,f,g,00100,0,+,0.23920000000000002,0.1746520146520147,-0.6416855950934078,0.7583765297155565
a,25.75,0.5,u,g,c,h,0.875,t,f,0,t,g,00491,0,+,0.2575,0.20146520146520147,-0.4876014436624869,0.8163961388033268
b,26.00,1,u,g,q,v,1.75,t,f,0,t,g,00280,0,+,0.26,0.20512820512820512,-0.4665516961992463,0.8243223149082135
b,37.42,2.04,u,g,w,v,0.04,t,f,0,t,g,00400,5800,+,0.37420000000000003,0.37245421245421245,0.49500076792158365,1.1863900393794367
b,34.92,2.5,u,g,w,v,0,t,f,0,t,g,00239,200,+,0.3492,0.33582417582417584,0.28450329328917784,1.1071282783305698
b,34.25,3,u,g,cc,h,7.415,t,f,0,t,g,00000,0,+,0.3425,0.326007326007326,0.2280899700876929,1.0858861263694737
b,23.33,11.625,y,p,w,v,0.835,t,f,0,t,g,00160,300,+,0.23329999999999998,0.16600732600732598,-0.6913629991066559,0.7396707541080239
b,23.17,0,u,g,cc,v,0.085,t,f,0,f,g,00000,0,+,0.23170000000000002,0.16366300366300368,-0.7048348374831296,0.7345980014008965
b,44.33,0.5,u,g,i,h,5,t,f,0,t,g,00320,0,+,0.44329999999999997,0.4736996336996337,1.076815787805553,1.405469546918504
b,35.17,4.5,u,g,x,h,5.75,f,f,0,t,s,00711,0,+,0.3517,0.3394871794871795,0.3055530407524184,1.1150544544354566
b,43.25,3,u,g,q,h,6,t,t,11,f,g,00080,0,+,0.4325,0.45787545787545786,0.9858808787643539,1.3712284661453937
b,56.75,12.25,u,g,m,v,1.25,t,t,04,t,g,00200,0,+,0.5675,0.6556776556776557,2.1225672417793455,1.7992419758092737
b,31.67,16.165,u,g,d,v,3,t,t,09,f,g,00250,730,+,0.31670000000000004,0.2882051282051282,0.010856576267050248,1.0040879889670433
a,23.42,0.79,y,p,q,v,1.5,t,t,02,t,g,00080,400,+,0.23420000000000002,0.16732600732600736,-0.683785090019889,0.7425241775057831
a,20.42,0.835,u,g,q,v,1.585,t,t,01,f,g,00000,0,+,0.20420000000000002,0.12336996336996339,-0.936382059578776,0.6474100642471431
b,26.67,4.25,u,g,cc,v,4.29,t,t,01,t,g,00120,0,+,0.2667,0.21494505494505498,-0.4101383729977614,0.8455644668693099
b,34.17,1.54,u,g,cc,v,1.54,t,t,01,t,g,00520,50000,+,0.3417,0.32483516483516484,0.2213540508994561,1.08334975001591
a,36.00,1,u,g,c,v,2,t,t,11,f,g,00000,456,+,0.36,0.3516483516483517,0.375438202330377,1.1413693591036802
b,25.50,0.375,u,g,m,v,0.25,t,t,03,f,g,00260,15108,+,0.255,0.1978021978021978,-0.5086511911257275,0.8084699626984402
b,19.42,6.5,u,g,w,h,1.46,t,t,07,f,g,00080,2954,+,0.1942,0.10871794871794874,-1.0205810494317384,0.6157053598275964
b,35.17,25.125,u,g,x,h,1.625,t,t,01,t,g,00515,500,+,0.3517,0.3394871794871795,0.3055530407524184,1.1150544544354566
b,32.33,7.5,u,g,e,bb,1.585,t,f,0,t,s,00420,0,-,0.3233,0.2978754578754578,0.0664279095700051,1.025013093883944
b,34.83,4,u,g,d,bb,12.5,t,f,0,t,g,183.67555555555555,0,-,0.3483,0.3345054945054945,0.2769253842024109,1.1042748549328105
a,38.58,5,u,g,cc,v,13.5,t,f,0,t,g,00980,0,-,0.3858,0.3894505494505494,0.5926715961510197,1.2231674965061106
b,44.25,0.5,u,g,m,v,10.75,t,f,0,f,s,00400,0,-,0.4425,0.4725274725274725,1.0700798686173163,1.4029331705649404
b,44.83,7,y,p,c,v,1.625,f,f,0,f,g,00160,2,-,0.4483,0.481025641025641,1.1189152827320343,1.4213218991282772
b,20.67,5.29,u,g,q,v,0.375,t,t,01,f,g,00160,0,-,0.20670000000000002,0.12703296703296707,-0.9153323121155355,0.6553362403520298
b,34.08,6.5,u,g,aa,v,0.125,t,f,0,t,g,00443,0,-,0.3408,0.3235164835164835,0.2137761418126892,1.0804963266181506
a,19.17,0.585,y,p,aa,v,0.585,t,f,0,t,g,00160,0,-,0.1917,0.10505494505494507,-1.041630796894979,0.6077791837227098
b,21.67,1.165,y,p,k,v,2.5,t,t,01,f,g,00180,20,-,0.2167,0.1416849816849817,-0.8311333222625731,0.6870409447715765
b,21.50,9.75,u,g,c,v,0.25,t,f,0,f,g,00140,0,-,0.215,0.1391941391941392,-0.8454471505375768,0.6816511450202535
b,49.58,4.7219912790697665,u,g,ff,ff,0,t,t,01,f,g,00094,0,-,0.49579999999999996,0.5506227106227106,1.5188604845336053,1.5719192451211241
a,27.67,1.5,u,g,m,v,2,t,f,0,f,s,00368,0,-,0.2767,0.22959706959706963,-0.3259393831447991,0.8772691712888565
b,39.83,0.5,u,g,m,v,0.25,t,f,0,f,s,00288,0,-,0.3983,0.4077655677655677,0.6979203334672226,1.262798377030544
a,31.568389955686886,3.5,u,g,d,v,3,t,f,0,t,g,00300,0,-,0.3156838995568689,0.2867163363470606,0.002301113176971155,1.0008664725460388
b,27.25,0.625,u,0.455,t,f,0,t,g,00200,0,-,183.67555555555555,1024.8116788321167,-,0.2725,0.22344322344322345,-0.3613029588830434,0.8639531954326468
b,37.17,4,u,g,c,bb,5,t,f,0,t,s,00280,0,-,0.37170000000000003,0.3687912087912088,0.4739510204583431,1.1784638632745499
b,31.568389955686886,0.375,u,g,d,v,0.875,t,f,0,t,s,00928,0,-,0.3156838995568689,0.2867163363470606,0.002301113176971155,1.0008664725460388
b,25.67,2.21,y,p,aa,v,4,t,f,0,f,g,00188,0,-,0.25670000000000004,0.20029304029304032,-0.49433736285072377,0.8138597624497632
b,34.00,4.5,u,g,aa,v,1,t,f,0,t,g,00240,0,-,0.34,0.32234432234432236,0.20704022262445235,1.077959950264587
a,49.00,1.5,u,g,j,j,0,t,f,0,t,g,00100,27,-,0.49,0.5421245421245421,1.4700250704188873,1.553530516557787
b,62.50,12.75,y,p,c,h,5,t,f,0,f,g,00112,0,-,0.625,0.73992673992674,2.606711433433879,1.981544026221667
a,12.00,b,31.42,15.5,u,g,c,v,0.5,t,f,0,f,g,00120,0,-,0.12,0.0,-1.645337554140719,0.3804564530345601
b,31.568389955686886,5,y,p,aa,v,8.5,t,f,0,f,g,00000,0,-,0.3156838995568689,0.2867163363470606,0.002301113176971155,1.0008664725460388
b,52.33,1.375,y,p,c,h,9.46,t,f,0,t,g,00200,100,-,0.5233,0.5909157509157509,1.7504077066292518,1.6591071822748773
b,28.75,1.5,y,p,c,v,1.5,t,f,0,t,g,00000,225,-,0.2875,0.2454212454212454,-0.2350044741035999,0.9115102520619669
a,28.58,3.54,u,g,i,bb,0.5,t,f,0,t,g,00171,0,-,0.2858,0.2429304029304029,-0.24931830237860364,0.9061204523106439
b,23.00,0.625,y,p,aa,v,0.125,t,f,0,f,g,00180,1,-,0.23,0.16117216117216118,-0.7191486657581333,0.7292082016495735
b,31.568389955686886,0.5,u,g,c,bb,0.835,t,f,0,t,s,00320,0,-,0.3156838995568689,0.2867163363470606,0.002301113176971155,1.0008664725460388
a,22.50,11,y,p,q,v,3,t,f,0,t,g,00268,0,-,0.225,0.15384615384615385,-0.7612481606846145,0.7133558494398001
a,28.50,1,u,g,q,v,1,t,t,02,t,g,00167,500,-,0.285,0.24175824175824176,-0.2560542215668405,0.9035840759570802
b,37.50,1.75,y,p,c,bb,0.25,t,f,0,t,g,00164,400,-,0.375,0.37362637362637363,0.5017366871098206,1.1889264157330002
b,35.25,16.5,y,p,c,v,4,t,f,0,f,g,00080,0,-,0.3525,0.34065934065934067,0.31228895994065525,1.1175908307890203
b,18.67,5,u,g,q,v,0.375,t,t,02,f,g,00000,38,-,0.1867,0.09772893772893776,-1.0837302918214602,0.5919268315129365
b,25.00,12,u,g,k,v,2.25,t,t,02,t,g,00120,5,-,0.25,0.19047619047619047,-0.5507506860522087,0.7926176104886669
b,27.83,4,y,p,i,h,5.75,t,t,02,t,g,00075,0,-,0.2783,0.2319413919413919,-0.3124675447683254,0.8823419239959839
b,54.83,15.5,u,g,e,z,0,t,t,20,f,g,00152,130,-,0.5483,0.6275457875457875,1.9609051812616576,1.7383689433237441
b,28.75,1.165,u,g,k,v,0.5,t,f,0,f,s,00280,0,-,0.2875,0.2454212454212454,-0.2350044741035999,0.9115102520619669
a,25.00,11,y,p,aa,v,4.5,t,f,0,f,g,00120,0,-,0.25,0.19047619047619047,-0.5507506860522087,0.7926176104886669
b,40.92,2.25,y,p,x,h,10,t,f,0,t,g,00176,0,-,0.4092,0.4237362637362638,0.7896972324069518,1.29735650484785
a,19.75,0.75,u,g,c,v,0.795,t,t,05,t,g,00140,5,-,0.1975,0.11355311355311355,-0.9927953827802609,0.6261679122860468
b,29.17,3.5,u,g,w,v,3.5,t,t,03,t,g,00329,0,-,0.2917,0.2515750915750916,-0.1996408983653556,0.9248262279181765
a,24.50,1.04,y,p,ff,ff,0.5,t,t,03,f,g,00180,147,-,0.245,0.18315018315018314,-0.5928501809786898,0.7767652582788935
b,24.58,12.5,u,g,w,v,0.875,t,f,0,t,g,00260,1024.8116788321167,-,0.2458,0.1843223443223443,-0.586114261790453,0.7793016346324572
a,33.75,0.75,u,g,k,bb,1,t,t,03,t,g,00212,0,-,0.3375,0.31868131868131866,0.18599047516121175,1.0700337741597001
b,20.67,1.25,y,p,c,h,1.375,t,t,03,t,g,00140,210,-,0.20670000000000002,0.12703296703296707,-0.9153323121155355,0.6553362403520298
a,25.42,1.125,u,g,q,v,1.29,t,t,02,f,g,00200,0,-,0.25420000000000004,0.19663003663003664,-0.5153871103139643,0.8059335863448766
b,37.75,7,u,g,q,h,11.5,t,t,07,t,g,00300,5,-,0.3775,0.3772893772893773,0.5227864345730611,1.196852591837887
b,52.50,6.5,u,g,k,v,6.29,t,t,15,f,g,00000,11202,+,0.525,0.5934065934065934,1.7647215349042555,1.6644969820262003
b,57.83,7.04,u,g,m,v,14,t,t,06,t,g,00360,1332,+,0.5783,0.6715018315018315,2.2135021508205446,1.833483056582384
a,20.75,10.335,u,g,cc,h,0.335,t,t,01,t,g,00080,50,+,0.2075,0.1282051282051282,-0.9085963929272985,0.6578726167055935
b,39.92,6.21,u,g,q,v,0.04,t,t,01,f,g,00200,300,+,0.3992,0.4090842490842491,0.7054982425539895,1.2656518004283033
b,25.67,12.5,u,g,cc,v,1.21,t,t,67,t,g,00140,258,+,0.25670000000000004,0.20029304029304032,-0.49433736285072377,0.8138597624497632
a,24.75,12.5,u,g,aa,v,1.5,t,t,12,t,g,00120,567,+,0.2475,0.18681318681318682,-0.5718004335154493,0.7846914343837802
a,44.17,6.665,u,g,q,v,7.375,t,t,03,t,g,00000,0,+,0.44170000000000004,0.4713553113553114,1.0633439494290795,1.4003967942113766
a,23.50,9,u,g,q,v,8.5,t,t,05,t,g,00120,0,+,0.235,0.1684981684981685,-0.6770491708316522,0.7450605538593469
b,34.92,5,u,g,x,h,7.5,t,t,06,t,g,00000,1000,+,0.3492,0.33582417582417584,0.28450329328917784,1.1071282783305698
b,47.67,2.5,u,g,m,bb,2.5,t,t,12,t,g,00410,2510,+,0.4767,0.5226373626373627,1.3580404139144475,1.51136325967979
b,22.75,11,u,g,q,v,2.5,t,t,07,t,g,00100,809,+,0.2275,0.1575091575091575,-0.7401984132213739,0.7212820255446868
b,34.42,4.25,u,g,i,bb,3.25,t,t,02,f,g,00274,610,+,0.3442,0.32849816849816854,0.24240379836269665,1.0912759261207965
a,28.42,3.5,u,g,w,v,0.835,t,f,0,f,s,00280,0,+,0.2842,0.2405860805860806,-0.26279014075507734,0.9010476996035165
b,67.75,5.5,u,g,e,z,13,t,t,01,t,g,00000,0,+,0.6775,0.8168498168498168,3.048756130161931,2.1479937244242873
b,20.42,1.835,u,g,c,v,2.25,t,t,01,f,g,00100,150,+,0.20420000000000002,0.12336996336996339,-0.936382059578776,0.6474100642471431
a,47.42,8,u,g,e,bb,6.5,t,t,06,f,g,00375,51100,+,0.4742,0.518974358974359,1.336990666451207,1.5034370835749034
b,36.25,5,u,g,c,bb,2.5,t,t,06,f,g,00000,367,+,0.3625,0.3553113553113553,0.39648794979361757,1.149295535208567
b,32.67,5.5,u,g,q,h,5.5,t,t,12,t,g,00408,1000,+,0.3267,0.3028571428571429,0.09505556612001258,1.03579269338659
b,48.58,6.5,u,g,q,h,6,t,f,0,t,g,00350,0,+,0.4858,0.5359706959706959,1.434661494680643,1.5402145407015773
b,39.92,0.54,y,p,aa,v,0.5,t,t,03,f,g,00200,1000,+,0.3992,0.4090842490842491,0.7054982425539895,1.2656518004283033
b,33.58,2.75,u,g,m,v,4.25,t,t,06,f,g,00204,0,+,0.3358,0.3161904761904762,0.171676646886208,1.0646439744083773
a,18.83,9.5,u,g,w,v,1.625,t,t,06,t,g,00040,600,+,0.1883,0.10007326007326005,-1.0702584534449864,0.5969995842200638
a,26.92,13.5,u,g,q,h,5,t,t,02,f,g,00000,5000,+,0.2692,0.21860805860805863,-0.38908862553452084,0.8534906429741965
a,31.25,3.75,u,g,cc,h,0.625,t,t,09,t,g,00181,0,+,0.3125,0.28205128205128205,-0.024506999471194075,0.9907720131108335
a,56.50,16,u,g,j,ff,0,t,t,15,f,g,00000,247,+,0.565,0.652014652014652,2.101517494316105,1.7913157997043871
b,43.00,0.,y,p,cc,h,1.75,t,t,08,f,g,00100,375,+,0.43,0.4542124542124542,0.9648311313011133,1.363302290040507
b,22.33,11,u,g,w,v,2,t,t,01,f,g,00080,278,+,0.22329999999999997,0.15135531135531133,-0.7755619889596183,0.7079660496884772
b,27.25,1.665,u,g,cc,h,5.085,t,t,09,f,g,00399,827,+,0.2725,0.22344322344322345,-0.3613029588830434,0.8639531954326468
b,32.83,2.5,u,g,cc,h,2.75,t,t,06,f,g,00160,2072,+,0.3283,0.3052014652014652,0.10852740449648626,1.0408654460937172
b,23.25,1.5,u,g,q,v,2.375,t,t,03,t,g,00000,582,+,0.2325,0.16483516483516483,-0.6980989182948928,0.7371343777544601
a,40.33,7.54,y,p,q,h,8,t,t,14,f,g,00000,2300,+,0.4033,0.41509157509157507,0.7400198283937037,1.2786507292403173
a,30.50,6.5,u,g,c,bb,4,t,t,07,t,g,00000,3065,+,0.305,0.27106227106227104,-0.08765624186091582,0.9669934847961735
a,52.83,15,u,g,c,v,5.5,t,t,14,f,g,00000,2200,+,0.5283,0.5982417582417582,1.7925072015557328,1.6749595344846506
a,46.67,0.46,u,g,cc,h,0.415,t,t,11,t,g,00440,6,+,0.4667,0.507985347985348,1.2738414240614853,1.4796585552602433
a,58.33,10,u,g,q,v,4,t,t,14,f,g,00000,1602,+,0.5832999999999999,0.6788278388278388,2.2556016457470256,1.8493354087921574
b,37.33,6.5,u,g,m,h,4.25,t,t,12,t,g,00093,0,+,0.37329999999999997,0.3711355311355311,0.4874228588348168,1.1835366159816774
b,23.08,2.5,u,g,c,v,1.085,t,t,11,t,g,00060,2184,+,0.23079999999999998,0.1623443223443223,-0.7124127465698965,0.7317445780031372
b,32.75,1.5,u,g,cc,h,5.5,t,t,03,t,g,00000,0,+,0.3275,0.304029304029304,0.10179148530824943,1.0383290697401535
b,21.67,11.5,y,p,j,j,0,t,t,11,t,g,00000,0,+,0.2167,0.1416849816849817,-0.8311333222625731,0.6870409447715765
a,28.50,3.04,y,p,x,h,2.54,t,t,01,f,g,00070,0,+,0.285,0.24175824175824176,-0.2560542215668405,0.9035840759570802
a,68.67,15,u,g,e,z,0,t,t,14,f,g,00000,3376,+,0.6867,0.8303296703296703,3.1262192008266565,2.17716205249027
b,28.00,2,u,g,k,h,4.165,t,02,t,g,00181,0,+,-,0.28,0.23443223443223443,-0.2981537164933217,0.8877317237473069
b,34.08,0.08,y,p,m,bb,0.04,t,t,01,t,g,00280,2000,+,0.3408,0.3235164835164835,0.2137761418126892,1.0804963266181506
b,27.67,2,u,g,x,h,1,t,t,04,f,g,00140,7544,+,0.2767,0.22959706959706963,-0.3259393831447991,0.8772691712888565
b,44.00,2,u,g,m,v,1.75,t,t,02,t,g,00000,15,+,0.44,0.46886446886446886,1.0490301211540756,1.3950069944600536
b,25.08,1.71,u,g,x,v,1.665,t,t,01,t,g,00395,20,+,0.25079999999999997,0.19164835164835162,-0.5440147668639718,0.7951539868422305
b,32.00,1.75,y,p,e,h,0.04,t,f,0,t,g,00393,0,+,0.32,0.29304029304029305,0.03864224291852767,1.0145505414254936
a,60.58,16.5,u,g,q,v,11,t,f,0,t,g,00021,10561,+,0.6058,0.7117948717948718,2.445049372916191,1.9206709937361375
a,40.83,10,u,g,q,h,1.75,t,f,0,f,g,00029,837,+,0.4083,0.42241758241758237,0.782119323320185,1.2945030814500906
b,19.33,9.5,u,g,q,v,1,t,f,0,t,g,00060,400,+,0.19329999999999997,0.10739926739926738,-1.0281589585185051,0.6128519364298372
a,32.33,0.54,u,g,cc,v,0.04,t,f,0,f,g,00440,11177,+,0.3233,0.2978754578754578,0.0664279095700051,1.025013093883944
b,36.67,3.25,u,g,q,h,9,t,f,0,t,g,00102,639,+,0.3667,0.3614652014652015,0.4318515255318619,1.1626115110647766
b,37.50,1.125,y,p,d,v,1.5,f,f,0,t,g,00431,0,+,0.375,0.37362637362637363,0.5017366871098206,1.1889264157330002
a,25.08,2.54,y,p,aa,v,0.25,t,f,0,t,g,00370,0,+,0.25079999999999997,0.19164835164835162,-0.5440147668639718,0.7951539868422305
b,41.33,0,u,g,c,bb,15,t,f,0,f,g,00000,0,+,0.4133,0.4297435897435897,0.8242188182466661,1.310355433659864
b,56.00,12.5,u,g,k,h,8,t,f,0,t,g,00024,2028,+,0.56,0.6446886446886447,2.0594179993896238,1.7754634474946138
a,49.83,13.585,u,g,k,h,8.5,t,f,0,t,g,00000,0,+,0.49829999999999997,0.5542857142857143,1.5399102319968458,1.5798454212260107
b,22.67,10.5,u,g,q,h,1.335,t,f,0,f,g,00100,0,+,0.2267,0.15633699633699635,-0.7469343324096107,0.7187456491911232
b,27.00,1.5,y,p,w,v,0.375,t,f,0,t,g,00260,1065,+,0.27,0.21978021978021978,-0.382352706346284,0.8560270193277602
b,25.00,12.5,u,g,aa,v,3,t,f,0,t,s,00020,0,+,0.25,0.19047619047619047,-0.5507506860522087,0.7926176104886669
a,26.08,8.665,u,g,aa,v,1.415,t,f,0,f,g,00160,150,+,0.2608,0.20630036630036627,-0.4598157770110095,0.8268586912617772
a,18.42,9.25,u,g,q,v,1.21,t,t,04,f,g,00060,540,+,0.18420000000000003,0.0940659340659341,-1.1047800392847007,0.5840006554080498
b,20.17,8.17,u,g,aa,v,1.96,t,t,14,f,g,00060,158,+,0.20170000000000002,0.11970695970695973,-0.9574318070420166,0.6394838881422564
b,47.67,0.29,u,g,c,bb,15,t,t,20,f,g,00000,15000,+,0.4767,0.5226373626373627,1.3580404139144475,1.51136325967979
a,21.25,2.335,u,g,i,bb,0.5,t,t,04,f,s,00080,0,+,0.2125,0.13553113553113552,-0.8664968980008174,0.6737249689153668
a,20.67,3,u,g,q,v,0.165,t,t,03,f,g,00100,6,+,0.20670000000000002,0.12703296703296707,-0.9153323121155355,0.6553362403520298
a,57.08,19.5,u,g,c,v,5.5,t,t,07,f,g,00000,3000,+,0.5708,0.6605128205128205,2.150352908430823,1.809704528267724
a,22.42,5.665,u,g,q,v,2.585,t,t,07,f,g,00129,3257,+,0.2242,0.1526739926739927,-0.7679840798728513,0.7108194730862365
b,48.75,8.5,u,g,c,h,12.5,t,t,09,f,g,00181,1655,+,0.4875,0.5384615384615384,1.4489753229556468,1.5456043404529003
b,40.00,6.5,u,g,aa,bb,3.5,t,t,01,f,g,00000,500,+,0.4,0.41025641025641024,0.7122341617422263,1.268188176781867
b,40.58,5,u,g,c,v,5,t,t,07,f,g,00000,3065,+,0.4058,0.4187545787545787,0.7610695758569443,1.2865769053452039
a,28.67,1.04,u,g,c,v,2.5,t,t,05,t,g,00300,1430,+,0.2867,0.2442490842490843,-0.24174039329183675,0.9089738757084032
a,33.08,4.625,u,g,q,h,1.625,t,t,02,f,g,00000,0,+,0.3308,0.30886446886446883,0.12957715195972686,1.048791622198604
b,21.33,10.5,u,g,c,v,3,t,f,0,t,g,00000,0,+,0.2133,0.13670329670329667,-0.8597609788125805,0.6762613452689304
b,42.00,0.205,u,g,i,h,5.125,t,f,0,f,g,00400,0,+,0.42,0.43956043956043955,0.880632141448151,1.3315975856209603
b,41.75,0.96,u,g,x,v,2.5,t,f,0,f,g,00510,600,+,0.4175,0.4358974358974359,0.8595823939849104,1.3236714095160735
b,22.67,1.585,y,p,w,v,3.085,t,t,06,f,g,00080,0,+,0.2267,0.15633699633699635,-0.7469343324096107,0.7187456491911232
b,34.50,4.04,y,p,i,bb,8.5,t,t,07,t,g,00195,0,+,0.345,0.32967032967032966,0.2491397175509335,1.0938123024743602
b,28.25,5.04,y,p,c,bb,1.5,t,t,08,t,g,00144,7,+,0.2825,0.23809523809523808,-0.27710396903008105,0.8956578998521936
b,33.17,3.165,y,p,x,v,3.165,t,t,03,t,g,00380,0,+,0.3317,0.31018315018315024,0.13715506104649375,1.0516450455963633
b,48.17,7.625,u,g,w,h,15.5,t,t,12,f,g,00000,790,+,0.4817,0.52996336996337,1.4001399088409288,1.5272156118895632
b,27.58,2.04,y,p,aa,v,2,t,t,03,t,g,00370,560,+,0.2758,0.22827838827838826,-0.333517292231566,0.8744157478910972
b,22.58,10.04,u,g,x,v,0.04,t,t,09,f,g,00060,396,+,0.22579999999999997,0.155018315018315,-0.7545122414963776,0.7158922257933639
a,24.08,0.5,u,g,q,h,1.25,t,t,01,f,g,00000,678,+,0.2408,0.17699633699633696,-0.6282137567169341,0.7634492824226838
a,41.33,1,u,g,i,bb,2.25,t,f,0,t,g,00000,300,+,0.4133,0.4297435897435897,0.8242188182466661,1.310355433659864
b,24.83,2.75,u,g,c,v,2.25,t,t,06,f,g,183.67555555555555,600,+,0.2483,0.18798534798534797,-0.5650645143272124,0.7872278107373438
a,20.75,10.25,u,g,q,v,0.71,t,t,02,t,g,00049,0,+,0.2075,0.1282051282051282,-0.9085963929272985,0.6578726167055935
b,36.33,2.125,y,p,w,v,0.085,t,t,01,f,g,00050,1187,+,0.36329999999999996,0.35648351648351645,0.4032238689818544,1.1518319115621305
a,35.42,12,u,g,q,h,14,t,t,08,f,g,00000,6590,+,0.3542,0.3431501831501832,0.326602788215659,1.1229806305403431
a,71.58,0,u,g,c,v,0,f,f,0,f,p,183.67555555555555,0,+,0.7158,0.8729670329670329,3.371238261298777,2.269422742351151
b,28.67,9.335,u,g,q,h,5.665,t,t,06,f,g,00381,168,+,0.2867,0.2442490842490843,-0.24174039329183675,0.9089738757084032
b,35.17,2.5,u,g,k,v,4.5,t,t,07,f,g,00150,1270,+,0.3517,0.3394871794871795,0.3055530407524184,1.1150544544354566
b,39.50,4.25,u,g,c,bb,6.5,t,t,16,f,g,00117,1210,+,0.395,0.40293040293040294,0.6701346668157452,1.2523358245720937
b,39.33,5.875,u,g,cc,h,10,t,t,14,t,g,00399,0,+,0.3933,0.4004395604395604,0.6558208385407415,1.2469460248207707
b,24.33,6.625,y,p,d,v,5.5,t,f,0,t,s,00100,0,+,0.2433,0.18065934065934064,-0.6071640092536935,0.7713754585275705
b,60.08,14.5,u,g,ff,ff,18,t,t,15,t,g,00000,1000,+,0.6008,0.7044688644688645,2.40294987798971,1.9048186415263642
b,23.08,11.5,u,g,i,v,3.5,t,t,09,f,g,00056,742,+,0.23079999999999998,0.1623443223443223,-0.7124127465698965,0.7317445780031372
b,26.67,2.71,y,p,cc,v,5.25,t,t,01,f,g,00211,0,+,0.2667,0.21494505494505498,-0.4101383729977614,0.8455644668693099
b,48.17,3.5,u,g,aa,v,3.5,t,f,0,f,s,00230,0,+,0.4817,0.52996336996337,1.4001399088409288,1.5272156118895632
b,41.17,4.04,u,g,cc,h,7,t,t,08,f,g,00320,0,+,0.4117,0.4273992673992674,0.8107469798701924,1.3052826809527367
b,55.92,11.5,u,g,ff,ff,5,t,t,05,f,g,00000,8851,+,0.5592,0.6435164835164835,2.0526820802013868,1.77292707114105
b,53.92,9.625,u,g,e,v,8.665,t,t,05,f,g,00000,0,+,0.5392,0.6142124542124542,1.8842841004954622,1.7095176623019568
a,18.92,9.25,y,p,c,v,1,t,t,04,t,g,00080,500,+,0.1892,0.10139194139194142,-1.0626805443582195,0.5998530076178231
a,50.08,12.54,u,g,aa,v,2.29,t,t,03,t,g,00156,0,+,0.5008,0.5579487179487179,1.5609599794600866,1.5877715973308975
b,65.42,11,u,g,e,z,20,t,t,07,t,g,00022,0,+,0.6542,0.7827106227106227,2.852572483804529,2.0741217631267435
a,17.58,9,u,g,aa,v,1.375,t,f,0,t,g,00000,0,+,0.17579999999999998,0.08175824175824173,-1.1755071907611894,0.5573687036956305
a,18.83,9.54,u,g,aa,v,0.085,t,f,0,f,g,00100,0,+,0.1883,0.10007326007326005,-1.0702584534449864,0.5969995842200638
a,37.75,5.5,u,g,q,v,0.125,t,f,0,t,g,00228,0,+,0.3775,0.3772893772893773,0.5227864345730611,1.196852591837887
b,23.25,4,u,g,c,bb,0.25,t,f,0,t,g,00160,0,+,0.2325,0.16483516483516483,-0.6980989182948928,0.7371343777544601
b,18.08,5.5,u,g,k,v,0.5,t,f,0,f,g,00080,0,+,0.1808,0.08908424908424906,-1.1334076958347081,0.5732210559054038
a,22.50,8.46,y,p,x,v,2.46,f,f,0,f,g,00164,0,+,0.225,0.15384615384615385,-0.7612481606846145,0.7133558494398001
b,19.67,0.375,u,g,q,v,2,t,t,02,t,g,00080,0,+,0.1967,0.1123809523809524,-0.9995313019684977,0.6236315359324831
b,22.08,11,u,g,cc,v,0.665,t,f,0,f,g,00100,0,+,0.2208,0.14769230769230768,-0.7966117364228588,0.7000398735835905
b,25.17,3.5,u,g,cc,v,0.625,t,t,07,f,g,00000,7059,+,0.25170000000000003,0.192967032967033,-0.536436857777205,0.7980074102399898
a,47.42,3,u,g,x,v,13.875,t,t,02,t,g,00519,1704,+,0.4742,0.518974358974359,1.336990666451207,1.5034370835749034
b,33.50,1.75,u,g,x,h,4.5,t,t,04,t,g,00253,857,+,0.335,0.315018315018315,0.16494072769797116,1.0621075980548136
b,27.67,13.75,u,g,w,v,5.75,t,f,0,t,g,00487,500,+,0.2767,0.22959706959706963,-0.3259393831447991,0.8772691712888565
a,58.42,21,u,g,i,bb,10,t,t,13,f,g,00000,6700,+,0.5842,0.6801465201465202,2.2631795548337927,1.8521888321899167
a,20.67,1.835,u,g,q,v,2.085,t,t,05,f,g,00220,2503,+,0.20670000000000002,0.12703296703296707,-0.9153323121155355,0.6553362403520298
b,26.17,0.25,u,g,i,bb,0,t,f,0,t,g,00000,0,+,0.26170000000000004,0.20761904761904765,-0.4522378679242426,0.8297121146595365
b,21.33,7.5,u,g,aa,v,1.415,t,t,01,f,g,00080,9800,+,0.2133,0.13670329670329667,-0.8597609788125805,0.6762613452689304
b,42.83,4.625,u,g,q,v,4.58,t,f,0,f,s,00000,0,-,+, +++++,0.42829999999999996,0.4517216117216117,0.9505173030261096,1.357912490289184
b,38.17,10.125,u,g,x,v,2.5,t,t,06,f,g,00520,196,+,0.38170000000000004,0.38344322344322346,0.5581500103113054,1.2101685676940965
b,20.50,10,y,p,c,v,2.5,t,f,0,f,s,00040,0,+,0.205,0.12454212454212454,-0.9296461403905392,0.6499464406007068
b,48.25,25.085,u,g,w,v,1.75,t,t,03,f,g,00120,14,+,0.4825,0.5311355311355311,1.4068758280291656,1.529751988243127
b,28.33,5,u,g,w,v,11,t,f,0,t,g,00070,0,+,0.2833,0.23926739926739923,-0.27036804984184426,0.8981942762057572
a,18.75,7.5,u,g,q,v,2.71,t,t,05,f,g,183.67555555555555,26726,+,0.1875,0.0989010989010989,-1.0769943726332232,0.5944632078665001
b,18.50,2,u,g,i,v,1.5,t,t,02,f,g,00120,300,+,0.185,0.09523809523809523,-1.098044120096464,0.5865370317616134
b,33.17,3.04,y,p,c,h,2.04,t,t,01,t,g,00180,18027,+,0.3317,0.31018315018315024,0.13715506104649375,1.0516450455963633
b,45.00,8.5,u,g,cc,h,14,t,t,01,t,g,00088,2000,+,0.45,0.4835164835164835,1.133229111007038,1.4267116988796003
a,19.67,0.21,u,g,q,h,0.29,t,t,11,f,g,00080,99,+,0.1967,0.1123809523809524,-0.9995313019684977,0.6236315359324831
b,24.50,12.75,u,g,c,bb,4.75,t,t,02,f,g,00073,444,+,0.245,0.18315018315018314,-0.5928501809786898,0.7767652582788935
b,21.83,11,u,g,x,v,0.29,t,t,06,f,g,00121,0,+,0.2183,0.144029304029304,-0.8176614838860994,0.6921136974787039
b,40.25,21.5,u,g,e,z,20,t,t,11,f,g,00000,1200,+,0.4025,0.4139194139194139,0.7332839092054669,1.2761143528867536
b,41.42,5,u,g,q,h,5,t,t,06,t,g,00470,0,+,0.4142,0.4310622710622711,0.831796727333433,1.3132088570576232
a,17.83,11,u,g,x,h,1,t,t,11,f,g,00000,3000,+,0.1783,0.08542124542124539,-1.1544574432979486,0.5652948798005172
b,23.17,11.125,u,g,x,h,0.46,t,t,01,f,g,00100,0,+,0.23170000000000002,0.16366300366300368,-0.7048348374831296,0.7345980014008965
b,31.568389955686886,0.625,u,g,k,v,0.25,f,f,0,f,g,00380,2010,-,0.3156838995568689,0.2867163363470606,0.002301113176971155,1.0008664725460388
b,18.17,10.25,u,g,c,h,1.085,f,f,0,f,g,00320,13,-,0.18170000000000003,0.09040293040293043,-1.1258297867479412,0.5760744793031631
b,20.00,11.045,u,g,c,v,2,f,f,0,t,g,00136,0,-,0.2,0.11721611721611722,-0.9717456353170203,0.6340940883909335
b,20.00,0,u,g,d,v,0.5,f,f,0,f,g,00144,0,-,0.2,0.11721611721611722,-0.9717456353170203,0.6340940883909335
a,20.75,9.54,u,g,i,v,0.04,f,f,0,f,g,00200,1000,-,0.2075,0.1282051282051282,-0.9085963929272985,0.6578726167055935
a,24.50,1.75,y,p,c,v,0.165,f,f,0,f,g,00132,0,-,0.245,0.18315018315018314,-0.5928501809786898,0.7767652582788935
b,32.75,2.335,u,g,d,h,5.75,f,f,0,t,g,00292,0,-,0.3275,0.304029304029304,0.10179148530824943,1.0383290697401535
a,52.17,0,y,p,ff,ff,0,f,f,0,f,g,00000,0,-,0.5217,0.5885714285714286,1.736935868252778,1.65403442956775
a,48.17,1.335,u,g,i,o,0.335,f,f,0,f,g,00000,120,-,0.4817,0.52996336996337,1.4001399088409288,1.5272156118895632
a,20.42,10.5,y,p,x,h,0,f,f,0,t,g,00154,32,-,0.20420000000000002,0.12336996336996339,-0.936382059578776,0.6474100642471431
b,50.75,0.585,u,g,ff,ff,0,f,f,0,f,g,00145,0,-,0.5075,0.5677655677655677,1.6173733026615715,1.6090137492919936
b,17.08,0.085,y,p,c,v,0.04,f,f,0,f,g,00140,722,-,0.17079999999999998,0.0744322344322344,-1.2176066856876704,0.5415163514858571
b,18.33,1.21,y,p,e,dd,0,f,f,0,f,g,00100,0,-,0.1833,0.09274725274725272,-1.1123579483714676,0.5811472320102905
a,32.00,6,u,g,d,v,1.25,f,f,0,f,g,00272,0,-,0.32,0.29304029304029305,0.03864224291852767,1.0145505414254936
b,59.67,1.54,u,g,q,v,0.125,t,f,0,t,g,00260,0,+,0.5967,0.6984615384615385,2.3684282921499955,1.8918197127143501
b,18.00,0.165,u,g,q,n,0.21,f,f,0,f,g,00200,40,+,0.18,0.08791208791208792,-1.140143615022945,0.5706846795518401
b,37.58,0,u,g,c,v,0,f,f,0,f,p,183.67555555555555,0,+,0.37579999999999997,0.37479853479853475,0.5084726062980574,1.191462792086564
b,32.33,2.5,u,g,c,v,1.25,f,f,0,t,g,00280,0,-,0.3233,0.2978754578754578,0.0664279095700051,1.025013093883944
b,18.08,6.75,y,p,m,v,0.04,f,f,0,f,g,00140,0,-,0.1808,0.08908424908424906,-1.1334076958347081,0.5732210559054038
b,38.25,10.125,y,p,k,v,0.125,f,f,0,f,g,00160,0,-,0.3825,0.38461538461538464,0.5648859294995423,1.2127049440476603
b,30.67,2.5,u,g,cc,h,2.25,f,f,0,t,s,00340,0,-,0.30670000000000003,0.27355311355311357,-0.07334241358591209,0.9723832845474966
b,18.58,5.71,u,g,d,v,0.54,f,f,0,f,g,00120,0,-,0.1858,0.09641025641025638,-1.0913082009082269,0.5890734081151772
a,19.17,5.415,u,g,i,h,0.29,f,f,0,f,g,00080,484,-,0.1917,0.10505494505494507,-1.041630796894979,0.6077791837227098
a,18.17,10,y,p,q,h,0.165,f,f,0,f,g,00340,0,-,0.18170000000000003,0.09040293040293043,-1.1258297867479412,0.5760744793031631
b,24.58,13.5,y,p,ff,ff,0,f,f,0,f,g,183.67555555555555,0,-,0.2458,0.1843223443223443,-0.586114261790453,0.7793016346324572
b,16.25,0.835,u,g,m,v,0.085,t,f,0,f,s,00200,0,-,0.1625,0.06227106227106227,-1.2874918472656292,0.5152014468176335
b,21.17,0.875,y,p,c,h,0.25,f,f,0,f,g,00280,204,-,0.21170000000000003,0.13435897435897437,-0.8732328171890542,0.6711885925618032
b,23.92,0.585,y,p,cc,h,0.125,f,f,0,f,g,00240,1,-,0.23920000000000002,0.1746520146520147,-0.6416855950934078,0.7583765297155565
b,17.67,4.46,u,g,c,v,0.25,f,f,0,f,s,00080,0,-,0.17670000000000002,0.0830769230769231,-1.1679292816744224,0.5602221270933898
a,16.50,1.25,u,g,q,v,0.25,f,t,01,f,g,00108,98,-,0.165,0.06593406593406594,-1.2664420998023884,0.5231276229225201
b,23.25,12.625,u,g,c,v,0.125,f,t,02,f,g,00000,5552,-,0.2325,0.16483516483516483,-0.6980989182948928,0.7371343777544601
b,17.58,10,u,g,w,h,0.165,f,t,01,f,g,00120,1,-,0.17579999999999998,0.08175824175824173,-1.1755071907611894,0.5573687036956305
a,31.568389955686886,1.5,u,g,ff,ff,0,f,t,02,t,g,00200,105,-,0.3156838995568689,0.2867163363470606,0.002301113176971155,1.0008664725460388
b,29.50,0.58,u,g,w,v,0.29,f,t,01,f,g,00340,2803,-,0.295,0.2564102564102564,-0.17185523171387815,0.9352887803766269
b,18.83,0.415,y,p,c,v,0.165,f,t,01,f,g,00200,1,-,0.1883,0.10007326007326005,-1.0702584534449864,0.5969995842200638
a,21.75,1.75,y,p,j,j,0,f,f,0,f,g,00160,0,-,0.2175,0.14285714285714285,-0.8243974030743363,0.6895773211251401
b,23.00,0.75,u,g,m,v,0.5,f,f,0,t,s,00320,0,-,0.23,0.16117216117216118,-0.7191486657581333,0.7292082016495735
a,18.25,10,u,g,w,v,1,f,t,01,f,g,00120,1,-,0.1825,0.09157509157509157,-1.1190938675597044,0.5786108556567268
b,25.42,0.54,u,g,w,v,0.165,f,t,01,f,g,00272,444,-,0.25420000000000004,0.19663003663003664,-0.5153871103139643,0.8059335863448766
b,35.75,2.415,u,g,w,v,0.125,f,t,02,f,g,00220,1,-,0.3575,0.34798534798534797,0.35438845486713644,1.1334431829987937
a,16.08,0.335,u,g,ff,ff,0,f,t,01,f,g,00160,126,-,0.16079999999999997,0.05978021978021975,-1.3018056755406329,0.5098116470663104
a,31.92,3.125,u,g,ff,ff,3.04,f,t,02,t,g,00200,4,-,0.31920000000000004,0.2918681318681319,0.03190632373029083,1.0120141650719299
b,69.17,9,u,g,ff,ff,4,f,t,01,f,g,00070,6,-,0.6917,0.8376556776556777,3.168318695753138,2.1930144047000435
b,32.92,2.5,u,g,aa,v,1.75,f,t,02,t,g,00720,0,-,0.3292,0.30652014652014653,0.11610531358325317,1.0437188694914765
b,16.33,2.75,u,g,aa,v,0.665,f,t,01,f,g,00080,21,-,0.16329999999999997,0.06344322344322342,-1.2807559280773921,0.5177378231711971
b,22.17,12.125,u,g,c,v,3.335,f,t,02,t,g,00180,173,-,0.2217,0.14901098901098903,-0.789033827336092,0.7028932969813498
a,57.58,2,u,g,ff,ff,6.5,f,t,01,f,g,00000,10,-,0.5758,0.6678388278388279,2.192452403357304,1.8255568804774975
b,18.25,0.165,u,g,d,v,0.25,f,f,0,t,s,00280,0,-,0.1825,0.09157509157509157,-1.1190938675597044,0.5786108556567268
b,23.42,1,u,g,c,v,0.5,f,f,0,t,s,00280,0,-,0.23420000000000002,0.16732600732600736,-0.683785090019889,0.7425241775057831
a,15.92,2.875,u,g,q,v,0.085,f,f,0,f,g,00120,0,-,0.1592,0.057435897435897436,-1.3152775139171067,0.5047388943591831
a,24.75,13.665,u,g,q,h,1.5,f,f,0,f,g,00280,1,-,0.2475,0.18681318681318682,-0.5718004335154493,0.7846914343837802
b,48.75,26.335,y,p,ff,ff,0,t,f,0,t,g,00000,0,-,0.4875,0.5384615384615384,1.4489753229556468,1.5456043404529003
b,23.50,2.75,u,g,ff,ff,4.5,f,f,0,f,g,00160,25,-,0.235,0.1684981684981685,-0.6770491708316522,0.7450605538593469
b,18.58,10.29,u,g,ff,ff,0.415,f,f,0,f,g,00080,0,-,0.1858,0.09641025641025638,-1.0913082009082269,0.5890734081151772
b,27.75,1.29,u,g,k,h,0.25,f,f,0,t,s,00140,0,-,0.2775,0.23076923076923078,-0.31920346395656224,0.8798055476424202
a,31.75,3,y,p,j,j,0,f,f,0,f,g,00160,20,-,0.3175,0.2893772893772894,0.01759249545528709,1.0066243653206068
a,24.83,4.5,u,g,w,v,1,f,f,0,t,g,00360,6,-,0.2483,0.18798534798534797,-0.5650645143272124,0.7872278107373438
b,19.00,1.75,y,p,c,v,2.335,f,f,0,t,g,00112,6,-,0.19,0.10256410256410256,-1.0559446251699827,0.6023893839713867
a,16.33,0.21,u,g,aa,v,0.125,f,f,0,f,g,00200,1,-,0.16329999999999997,0.06344322344322342,-1.2807559280773921,0.5177378231711971
a,18.58,10,u,g,d,v,0.415,f,f,0,f,g,00080,42,-,0.1858,0.09641025641025638,-1.0913082009082269,0.5890734081151772
b,16.25,0,y,p,aa,v,0.25,f,f,0,f,g,00060,0,-,0.1625,0.06227106227106227,-1.2874918472656292,0.5152014468176335
b,23.00,0.75,u,g,m,v,0.5,t,f,0,t,s,00320,0,-,0.23,0.16117216117216118,-0.7191486657581333,0.7292082016495735
b,21.17,0.25,y,p,c,h,0.25,f,f,0,f,g,00280,204,-,0.21170000000000003,0.13435897435897437,-0.8732328171890542,0.6711885925618032
b,17.50,22,l,gg,ff,o,0,f,f,0,t,p,00450,100000,+,0.175,0.08058608058608059,-1.1822431099494262,0.5548323273420668
b,19.17,0,y,p,m,bb,0,f,f,0,t,s,00500,1,+,0.1917,0.10505494505494507,-1.041630796894979,0.6077791837227098
b,36.75,0.125,y,p,c,v,1.5,f,f,0,t,g,00232,113,+,0.3675,0.3626373626373626,0.43858744472009875,1.1651478874183403
b,21.25,1.5,u,g,w,v,1.5,f,f,0,f,g,00150,8,+,0.2125,0.13553113553113552,-0.8664968980008174,0.6737249689153668
a,18.08,0.375,l,gg,cc,ff,10,f,f,0,t,s,00300,0,+,0.1808,0.08908424908424906,-1.1334076958347081,0.5732210559054038
a,33.67,0.375,u,g,cc,v,0.375,f,f,0,f,g,00300,44,+,0.3367,0.31750915750915754,0.1792545559729749,1.0674973978061366
b,48.58,0.205,y,p,k,v,0.25,t,t,11,f,g,00380,2732,+,0.4858,0.5359706959706959,1.434661494680643,1.5402145407015773
b,33.67,1.25,u,g,w,v,1.165,f,f,0,f,g,00120,0,-,0.3367,0.31750915750915754,0.1792545559729749,1.0674973978061366
a,29.50,1.085,y,p,x,v,1,f,f,0,f,g,00280,13,-,0.295,0.2564102564102564,-0.17185523171387815,0.9352887803766269
b,30.17,1.085,y,p,c,v,0.04,f,f,0,f,g,00170,179,-,0.3017,0.26622710622710627,-0.11544190851239325,0.9565309323377232
b,40.83,3.5,u,g,i,bb,0.5,f,f,0,f,s,01160,0,-,0.4083,0.42241758241758237,0.782119323320185,1.2945030814500906
b,34.83,2.5,y,p,w,v,3,f,f,0,f,s,00200,0,-,0.3483,0.3345054945054945,0.2769253842024109,1.1042748549328105
b,31.568389955686886,4,y,p,i,v,0.085,f,f,0,t,g,00411,0,-,0.3156838995568689,0.2867163363470606,0.002301113176971155,1.0008664725460388
b,20.42,0,u,g,c,v,0,f,f,0,f,p,183.67555555555555,0,-,0.20420000000000002,0.12336996336996339,-0.936382059578776,0.6474100642471431
a,33.25,2.5,y,p,c,v,2.5,f,f,0,t,g,00000,2,-,0.3325,0.31135531135531136,0.1438909802347306,1.0541814219499268
b,34.08,2.5,u,g,c,v,1,f,f,0,f,g,00460,16,-,0.3408,0.3235164835164835,0.2137761418126892,1.0804963266181506
a,25.25,12.5,u,g,d,v,1,f,f,0,t,g,00180,1062,-,0.2525,0.19413919413919414,-0.529700938588968,0.8005437865935535
b,34.75,2.5,u,g,cc,bb,0.5,f,f,0,f,g,00348,0,-,0.3475,0.3333333333333333,0.27018946501417407,1.101738478579247
b,27.67,0.75,u,g,q,h,0.165,f,f,0,t,g,00220,251,-,0.2767,0.22959706959706963,-0.3259393831447991,0.8772691712888565
b,47.33,6.5,u,g,c,v,1,f,f,0,t,g,00000,228,-,0.4733,0.5176556776556777,1.32941275736444,1.500583660177144
a,34.83,1.25,y,p,i,h,0.5,f,f,0,t,g,00160,0,-,0.3483,0.3345054945054945,0.2769253842024109,1.1042748549328105
a,33.25,3,y,p,aa,v,2,f,f,0,f,g,00180,0,-,0.3325,0.31135531135531136,0.1438909802347306,1.0541814219499268
b,28.00,3,u,g,w,v,0.75,f,f,0,t,g,00300,67,-,0.28,0.23443223443223443,-0.2981537164933217,0.8877317237473069
a,39.08,4,u,g,c,v,3,f,f,0,f,g,00480,0,-,0.3908,0.39677655677655677,0.6347710910775008,1.2390198487158839
b,42.75,4.085,u,g,aa,v,0.04,f,f,0,f,g,00108,100,-,0.4275,0.45054945054945056,0.9437813838378728,1.3553761139356204
b,26.92,2.25,u,g,i,bb,0.5,f,f,0,t,g,00640,4000,-,0.2692,0.21860805860805863,-0.38908862553452084,0.8534906429741965
b,33.75,2.75,u,g,i,bb,0,f,f,0,f,g,00180,0,-,0.3375,0.31868131868131866,0.18599047516121175,1.0700337741597001
b,38.92,1.75,u,g,k,v,0.5,f,f,0,t,g,00300,2,-,0.3892,0.39443223443223446,0.6212992527010271,1.2339470960087566
b,62.75,7,u,g,e,z,0,f,f,0,f,g,00000,12,-,0.6275,0.7435897435897436,2.6277611808971195,1.9894702023265538
b,32.25,1.5,u,g,c,v,0.25,f,f,0,t,g,00372,122,-,0.3225,0.2967032967032967,0.059691990381768256,1.0224767175303802
b,26.75,4.5,y,p,c,bb,2.5,f,f,0,f,g,00200,1210,-,0.2675,0.21611721611721613,-0.40340245380952455,0.8481008432228735
b,63.33,0.54,u,g,c,v,0.585,t,t,03,t,g,00180,0,-,0.6333,0.752087912087912,2.6765965950118376,2.0078589308898906
b,27.83,1.5,u,g,w,v,2.25,f,t,01,t,g,00100,3,-,0.2783,0.2319413919413919,-0.3124675447683254,0.8823419239959839
a,26.17,2,u,g,j,j,0,f,f,0,t,g,00276,1,-,0.26170000000000004,0.20761904761904765,-0.4522378679242426,0.8297121146595365
b,22.17,0.585,y,p,ff,ff,0,f,f,0,f,g,00100,0,-,0.2217,0.14901098901098903,-0.789033827336092,0.7028932969813498
b,22.50,11.5,y,p,m,v,1.5,f,f,0,t,g,00000,4000,-,0.225,0.15384615384615385,-0.7612481606846145,0.7133558494398001
b,30.75,1.585,u,g,d,v,0.585,f,f,0,t,s,00000,0,-,0.3075,0.27472527472527475,-0.06660649439767524,0.9749196609010602
b,36.67,2,u,g,i,v,0.25,f,f,0,t,g,00221,0,-,0.3667,0.3614652014652015,0.4318515255318619,1.1626115110647766
a,16.00,0.165,u,g,aa,v,1,f,t,02,t,g,00320,1,-,0.16,0.05860805860805861,-1.3085415947288697,0.5072752707127468
b,41.17,1.335,u,g,d,v,0.165,f,f,0,f,g,00168,0,-,0.4117,0.4273992673992674,0.8107469798701924,1.3052826809527367
a,19.50,0.165,u,g,q,v,0.04,f,f,0,t,g,00380,0,-,0.195,0.10989010989010989,-1.0138451302435014,0.6182417361811602
b,32.42,3,u,g,d,v,0.165,f,f,0,t,g,00120,0,-,0.32420000000000004,0.29919413919413923,0.074005818656772,1.0278665172817032
a,36.75,4.71,u,g,ff,ff,0,f,f,0,f,g,00160,0,-,0.3675,0.3626373626373626,0.43858744472009875,1.1651478874183403
a,30.25,5.5,u,g,k,v,5.5,f,f,0,t,s,00100,0,-,0.3025,0.2673992673992674,-0.10870598932415641,0.9590673086912869
b,23.08,2.5,u,g,ff,ff,0.085,f,f,0,t,g,00100,4208,-,0.23079999999999998,0.1623443223443223,-0.7124127465698965,0.7317445780031372
b,26.83,0.54,u,g,k,ff,0,f,f,0,f,g,00100,0,-,0.2683,0.21728937728937728,-0.39666653462128776,0.8506372195764372
b,16.92,0.335,y,p,k,v,0.29,f,f,0,f,s,00200,0,-,0.16920000000000002,0.07208791208791211,-1.2310785240641442,0.5364435987787298
b,24.42,2,u,g,e,dd,0.165,f,t,02,f,g,00320,1300,-,0.24420000000000003,0.18197802197802201,-0.5995861001669267,0.7742288819253298
b,42.83,1.25,u,g,m,v,13.875,f,t,01,t,g,00352,112,-,0.42829999999999996,0.4517216117216117,0.9505173030261096,1.357912490289184
a,22.75,6.165,u,g,aa,v,0.165,f,f,0,f,g,00220,1000,-,0.2275,0.1575091575091575,-0.7401984132213739,0.7212820255446868
b,39.42,1.71,y,p,m,v,0.165,f,f,0,f,s,00400,0,-,0.3942,0.40175824175824176,0.6633987476275083,1.24979944821853
a,23.58,11.5,y,p,k,h,3,f,f,0,t,g,00020,16,-,0.23579999999999998,0.16967032967032963,-0.6703132516434153,0.7475969302129105
b,21.42,0.75,y,p,r,n,0.75,f,f,0,t,g,00132,2,-,0.21420000000000003,0.13802197802197805,-0.8521830697258137,0.6791147686666898
b,33.00,2.5,y,p,w,v,7,f,f,0,t,g,00280,0,-,0.33,0.3076923076923077,0.12284123277149,1.0462552458450403
b,26.33,13,u,g,e,dd,0,f,f,0,t,g,00140,1110,-,0.2633,0.20996336996336995,-0.4387660295477689,0.8347848673666639
a,45.00,4.585,u,g,k,h,1,f,f,0,t,s,00240,0,-,0.45,0.4835164835164835,1.133229111007038,1.4267116988796003
b,26.25,1.54,u,g,w,v,0.125,f,f,0,f,g,00100,0,-,0.2625,0.2087912087912088,-0.44550194873600574,0.8322484910131002
b,28.17,0.585,u,g,aa,v,0.04,f,f,0,f,g,00260,1004,-,0.2817,0.23692307692307696,-0.2838398882183179,0.8931215234986298
a,20.83,0.5,y,p,e,dd,1,f,f,0,f,g,00260,0,-,0.20829999999999999,0.12937728937728935,-0.9018604737390618,0.6604089930591571
b,28.67,14.5,u,g,d,v,0.125,f,f,0,f,g,00000,286,-,0.2867,0.2442490842490843,-0.24174039329183675,0.9089738757084032
b,20.67,0.835,y,p,c,v,2,f,f,0,t,s,00240,0,-,0.20670000000000002,0.12703296703296707,-0.9153323121155355,0.6553362403520298
b,34.42,1.335,u,g,i,bb,0.125,f,f,0,t,g,00440,4500,-,0.3442,0.32849816849816854,0.24240379836269665,1.0912759261207965
b,33.58,0.25,u,g,i,bb,4,f,f,0,t,s,00420,0,-,0.3358,0.3161904761904762,0.171676646886208,1.0646439744083773
b,43.17,5,u,g,i,bb,2.25,f,f,0,t,g,00141,0,-,0.43170000000000003,0.45670329670329673,0.979144959576117,1.36869208979183
a,22.67,7,u,g,c,v,0.165,f,f,0,f,g,00160,0,-,0.2267,0.15633699633699635,-0.7469343324096107,0.7187456491911232
a,24.33,2.5,y,p,i,bb,4.5,f,f,0,f,g,00200,456,-,0.2433,0.18065934065934064,-0.6071640092536935,0.7713754585275705
a,56.83,4.25,y,p,ff,ff,5,f,f,0,t,g,00000,4,-,0.5683,0.6568498168498168,2.129303160967582,1.8017783521628374
b,22.08,11.46,u,g,k,v,1.585,f,f,0,t,g,00100,1212,-,0.2208,0.14769230769230768,-0.7966117364228588,0.7000398735835905
b,34.00,5.5,y,p,c,v,1.5,f,f,0,t,g,00060,0,-,0.34,0.32234432234432236,0.20704022262445235,1.077959950264587
b,22.58,1.5,y,p,aa,v,0.54,f,f,0,t,g,00120,67,-,0.22579999999999997,0.155018315018315,-0.7545122414963776,0.7158922257933639
b,21.17,0,u,g,c,v,0.5,f,f,0,t,s,00000,0,-,0.21170000000000003,0.13435897435897437,-0.8732328171890542,0.6711885925618032
b,26.67,14.585,u,g,i,bb,0,f,f,0,t,g,00178,0,-,0.2667,0.21494505494505498,-0.4101383729977614,0.8455644668693099
b,22.92,0.17,u,g,m,v,0.085,f,f,0,f,s,00000,0,-,0.22920000000000001,0.16000000000000003,-0.7258845849463702,0.7266718252960098
b,15.17,7,u,g,e,v,1,f,f,0,f,g,00600,0,-,0.1517,0.046446886446886444,-1.3784267563068282,0.480960366044523
b,39.92,5,u,g,i,bb,0.21,f,f,0,f,g,00550,0,-,0.3992,0.4090842490842491,0.7054982425539895,1.2656518004283033
b,27.42,12.5,u,g,aa,bb,0.25,f,f,0,t,g,00720,0,-,0.2742,0.22593406593406595,-0.34698913060803965,0.8693429951839698
b,24.75,0.54,u,g,m,v,1,f,f,0,t,g,00120,1,-,0.2475,0.18681318681318682,-0.5718004335154493,0.7846914343837802
b,41.17,1.25,y,p,w,v,0.25,f,f,0,f,g,00000,195,-,0.4117,0.4273992673992674,0.8107469798701924,1.3052826809527367
a,33.08,1.625,u,g,d,v,0.54,f,f,0,t,g,00000,0,-,0.3308,0.30886446886446883,0.12957715195972686,1.048791622198604
b,29.83,2.04,y,p,x,h,0.04,f,f,0,f,g,00128,1,-,0.2983,0.2612454212454212,-0.14406956506240073,0.9457513328350772
a,23.58,0.585,y,p,ff,ff,0.125,f,f,0,f,g,00120,87,-,0.23579999999999998,0.16967032967032963,-0.6703132516434153,0.7475969302129105
b,26.17,12.5,y,p,k,h,1.25,f,f,0,t,g,00000,17,-,0.26170000000000004,0.20761904761904765,-0.4522378679242426,0.8297121146595365
b,31.00,2.085,u,g,c,v,0.085,f,f,0,f,g,00300,0,-,0.31,0.2783882783882784,-0.04555674693443466,0.9828458370059469
b,20.75,5.085,y,p,j,v,0.29,f,f,0,f,g,00140,184,-,0.2075,0.1282051282051282,-0.9085963929272985,0.6578726167055935
b,28.92,0.375,u,g,c,v,0.29,f,f,0,f,g,00220,140,-,0.2892,0.24791208791208794,-0.22069064582859618,0.9169000518132898
a,51.92,6.5,u,g,i,bb,3.085,f,f,0,t,g,00073,0,-,0.5192,0.584908424908425,1.7158861207895375,1.6461082534628633
a,22.67,0.335,u,g,q,v,0.75,f,f,0,f,s,00160,0,-,0.2267,0.15633699633699635,-0.7469343324096107,0.7187456491911232
b,34.00,5.085,y,p,i,bb,1.085,f,f,0,t,g,00480,0,-,0.34,0.32234432234432236,0.20704022262445235,1.077959950264587
a,69.50,6,u,g,ff,ff,0,f,f,0,f,s,00000,0,-,0.695,0.8424908424908425,3.1961043624046153,2.203476957158494
a,40.33,8.125,y,p,k,v,0.165,f,t,02,f,g,183.67555555555555,18,-,0.4033,0.41509157509157507,0.7400198283937037,1.2786507292403173
a,19.58,0.665,y,p,c,v,1,f,t,01,f,g,02000,2,-,0.19579999999999997,0.11106227106227104,-1.0071092110552646,0.6207781125347238
b,16.00,3.125,u,g,w,v,0.085,f,t,01,f,g,00000,6,-,0.16,0.05860805860805861,-1.3085415947288697,0.5072752707127468
b,17.08,0.25,u,g,q,v,0.335,f,t,04,f,g,00160,8,-,0.17079999999999998,0.0744322344322344,-1.2176066856876704,0.5415163514858571
b,31.25,2.835,u,g,ff,ff,0,f,t,05,f,g,00176,146,-,0.3125,0.28205128205128205,-0.024506999471194075,0.9907720131108335
b,25.17,3,u,g,c,v,1.25,f,t,01,f,g,00000,22,-,0.25170000000000003,0.192967032967033,-0.536436857777205,0.7980074102399898
a,22.67,0.79,u,g,i,v,0.085,f,f,0,f,g,00144,0,-,0.2267,0.15633699633699635,-0.7469343324096107,0.7187456491911232
b,40.58,1.5,u,g,i,bb,0,f,f,0,f,s,00300,0,-,0.4058,0.4187545787545787,0.7610695758569443,1.2865769053452039
b,22.25,0.46,u,g,k,v,0.125,f,f,0,t,g,00280,55,-,0.2225,0.15018315018315018,-0.782297908147855,0.7054296733349135
a,22.25,1.25,y,p,ff,ff,3.25,f,f,0,f,g,00280,0,-,0.2225,0.15018315018315018,-0.782297908147855,0.7054296733349135
b,22.50,0.125,y,p,k,v,0.125,f,f,0,f,g,00200,70,-,0.225,0.15384615384615385,-0.7612481606846145,0.7133558494398001
b,23.58,1.79,u,g,c,v,0.54,f,f,0,t,g,00136,1,-,0.23579999999999998,0.16967032967032963,-0.6703132516434153,0.7475969302129105
b,38.42,0.705,u,g,c,v,0.375,f,t,02,f,g,00225,500,-,0.38420000000000004,0.3871062271062271,0.579199757774546,1.2180947437989833
a,26.58,2.54,y,p,ff,ff,0,f,f,0,t,g,00180,60,-,0.2658,0.2136263736263736,-0.4177162820845283,0.8427110434715506
b,35.00,2.5,u,g,i,v,1,f,f,0,t,g,00210,0,-,0.35,0.336996336996337,0.2912392124774147,1.1096646546841336
b,20.42,1.085,u,g,q,v,1.5,f,f,0,f,g,00108,7,-,0.20420000000000002,0.12336996336996339,-0.936382059578776,0.6474100642471431
b,29.42,1.25,u,g,w,v,1.75,f,f,0,f,g,00200,0,-,0.2942,0.25523809523809526,-0.178591150902115,0.9327524040230633
b,26.17,0.835,u,g,cc,v,1.165,f,f,0,f,g,00100,0,-,0.26170000000000004,0.20761904761904765,-0.4522378679242426,0.8297121146595365
b,33.67,2.165,u,g,c,v,1.5,f,f,0,f,p,00120,0,-,0.3367,0.31750915750915754,0.1792545559729749,1.0674973978061366
b,24.58,1.25,u,g,c,v,0.25,f,f,0,f,g,00110,0,-,0.2458,0.1843223443223443,-0.586114261790453,0.7793016346324572
a,27.67,2.04,u,g,w,v,0.25,f,f,0,t,g,00180,50,-,0.2767,0.22959706959706963,-0.3259393831447991,0.8772691712888565
b,37.50,0.835,u,g,e,v,0.04,f,f,0,f,g,00120,5,-,0.375,0.37362637362637363,0.5017366871098206,1.1889264157330002
b,49.17,2.29,u,g,ff,ff,0.29,f,f,0,f,g,00200,3,-,0.4917,0.5446153846153846,1.484338898693891,1.55892031630911
b,33.58,0.335,y,p,cc,v,0.085,f,f,0,f,g,00180,0,-,0.3358,0.3161904761904762,0.171676646886208,1.0646439744083773
b,51.83,3,y,p,ff,ff,1.5,f,f,0,f,g,00180,4,-,0.5183,0.5835897435897436,1.7083082117027706,1.643254830065104
b,22.92,3.165,y,p,c,v,0.165,f,f,0,f,g,00160,1058,-,0.22920000000000001,0.16000000000000003,-0.7258845849463702,0.7266718252960098
b,21.83,1.54,u,g,k,v,0.085,f,f,0,t,g,00356,0,-,0.2183,0.144029304029304,-0.8176614838860994,0.6921136974787039
b,25.25,1,u,g,aa,v,0.5,f,f,0,f,g,00200,0,-,0.2525,0.19413919413919414,-0.529700938588968,0.8005437865935535
b,58.58,2.71,u,g,c,v,2.415,f,f,0,t,g,00320,0,-,0.5858,0.6824908424908425,2.2766513932102663,1.8572615848970442
b,19.00,0,y,p,ff,ff,0,f,t,04,f,g,00045,1,-,0.19,0.10256410256410256,-1.0559446251699827,0.6023893839713867
b,19.58,0.585,u,g,ff,ff,0,f,t,03,f,g,00350,769,-,0.19579999999999997,0.11106227106227104,-1.0071092110552646,0.6207781125347238
a,53.33,0.165,u,g,ff,ff,0,f,f,0,t,s,00062,27,-,0.5333,0.6055677655677656,1.834606696482214,1.6908118866944242
a,27.17,1.25,u,g,ff,ff,0,f,t,01,f,g,00092,300,-,0.2717,0.2222710622710623,-0.3680388780712803,0.8614168190790832
b,25.92,0.875,u,g,k,v,0.375,f,t,02,t,g,00174,3,-,0.25920000000000004,0.20395604395604397,-0.47328761538748315,0.8217859385546499
b,23.08,0,u,g,k,v,1,f,t,11,f,s,00000,0,-,0.23079999999999998,0.1623443223443223,-0.7124127465698965,0.7317445780031372
b,39.58,5,u,g,ff,ff,0,f,t,02,f,g,00017,1,-,0.3958,0.40410256410256407,0.676870586003982,1.2548722009256572
b,30.58,2.71,y,p,m,v,0.125,f,f,0,t,s,00080,0,-,0.30579999999999996,0.2722344322344322,-0.08092032267267898,0.9695298611497373
b,17.25,3,u,g,k,v,0.04,f,f,0,t,g,00160,40,-,0.1725,0.07692307692307693,-1.2032928574126667,0.5469061512371801
a,17.67,0,y,p,j,ff,0,f,f,0,f,g,00086,0,-,0.17670000000000002,0.0830769230769231,-1.1679292816744224,0.5602221270933898
a,31.568389955686886,11.25,u,g,ff,ff,0,f,f,0,f,g,183.67555555555555,5200,-,0.3156838995568689,0.2867163363470606,0.002301113176971155,1.0008664725460388
b,16.50,0.125,u,g,c,v,0.165,f,f,0,f,g,00132,0,-,0.165,0.06593406593406594,-1.2664420998023884,0.5231276229225201
a,27.33,1.665,u,g,ff,ff,0,f,f,0,f,g,00340,1,-,0.2733,0.22461538461538458,-0.3545670396948066,0.8664895717862106
b,31.25,1.125,u,g,ff,ff,0,f,t,01,f,g,00096,19,-,0.3125,0.28205128205128205,-0.024506999471194075,0.9907720131108335
b,20.00,7,u,g,c,v,0.5,f,f,0,f,g,00000,0,-,0.2,0.11721611721611722,-0.9717456353170203,0.6340940883909335
b,31.568389955686886,3,y,p,i,bb,7,f,f,0,f,g,00000,1,-,0.3156838995568689,0.2867163363470606,0.002301113176971155,1.0008664725460388
b,39.50,1.625,u,g,c,v,1.5,f,f,0,f,g,00000,316,-,0.395,0.40293040293040294,0.6701346668157452,1.2523358245720937
b,36.50,4.25,u,g,q,v,3.5,f,f,0,f,g,00454,50,-,0.365,0.358974358974359,0.4175376972568582,1.1572217113134535
b,29.75,0.665,u,g,w,v,0.25,f,f,0,t,g,00300,0,-,0.2975,0.2600732600732601,-0.15080548425063758,0.9432149564815135
b,52.42,1.5,u,g,d,v,3.75,f,f,0,t,g,00000,350,-,0.5242,0.5922344322344323,1.7579856157160187,1.6619606056726366
b,36.17,18.125,u,g,w,v,0.085,f,f,0,f,g,00320,3552,-,0.3617,0.35413919413919415,0.3897520306053808,1.1467591588550032
b,34.58,0,u,g,c,v,0,f,f,0,f,p,183.67555555555555,0,-,0.3458,0.33084249084249084,0.25587563673917035,1.096348678827924
b,29.67,0.75,y,p,c,v,0.04,f,f,0,f,g,00240,0,-,0.2967,0.2589010989010989,-0.1575414034388744,0.9406785801279499
b,36.17,5.5,u,g,i,bb,5,f,f,0,f,g,00210,687,-,0.3617,0.35413919413919415,0.3897520306053808,1.1467591588550032
b,25.67,0.29,y,p,c,v,1.5,f,f,0,t,g,00160,0,-,0.25670000000000004,0.20029304029304032,-0.49433736285072377,0.8138597624497632
a,24.50,2.415,y,p,c,v,0,f,f,0,f,g,00120,0,-,0.245,0.18315018315018314,-0.5928501809786898,0.7767652582788935
b,24.08,0.875,u,g,m,v,0.085,f,t,04,f,g,00254,1950,-,0.2408,0.17699633699633696,-0.6282137567169341,0.7634492824226838
b,21.92,0.5,u,g,c,v,0.125,f,f,0,f,g,00360,0,-,0.2192,0.14534798534798538,-0.8100835747993325,0.6949671208764632
a,36.58,0.29,u,g,ff,ff,0,f,t,10,f,g,00200,18,-,0.36579999999999996,0.3601465201465201,0.42427361644509504,1.1597580876670173
a,23.00,1.835,u,g,j,j,0,f,t,01,f,g,00200,53,-,0.23,0.16117216117216118,-0.7191486657581333,0.7292082016495735
a,27.58,3,u,g,m,v,2.79,f,t,01,t,g,00280,10,-,0.2758,0.22827838827838826,-0.333517292231566,0.8744157478910972
b,31.08,3.085,u,g,c,v,2.5,f,t,02,t,g,00160,41,-,0.31079999999999997,0.2795604395604395,-0.038820827746197814,0.9853822133595106
a,30.42,1.375,u,g,w,h,0.04,f,t,03,f,g,00000,33,-,0.3042,0.2698901098901099,-0.09439216104915267,0.9644571084426099
b,22.08,2.335,u,g,k,v,0.75,f,f,0,f,g,00180,0,-,0.2208,0.14769230769230768,-0.7966117364228588,0.7000398735835905
b,16.33,4.085,u,g,i,h,0.415,f,f,0,t,g,00120,0,-,0.16329999999999997,0.06344322344322342,-1.2807559280773921,0.5177378231711971
a,21.92,11.665,u,g,k,h,0.085,f,f,0,f,g,00320,5,-,0.2192,0.14534798534798538,-0.8100835747993325,0.6949671208764632
b,21.08,4.125,y,p,i,h,0.04,f,f,0,f,g,00140,100,-,0.2108,0.13304029304029302,-0.8808107262758211,0.6683351691640438
b,17.42,6.5,u,g,i,v,0.125,f,f,0,f,g,00060,100,-,0.17420000000000002,0.07941391941391944,-1.188979029137663,0.5522959509885031
b,19.17,4,y,p,i,v,1,f,f,0,t,g,00360,1000,-,0.1917,0.10505494505494507,-1.041630796894979,0.6077791837227098
b,20.67,0.415,u,g,c,v,0.125,f,f,0,f,g,00000,44,-,0.20670000000000002,0.12703296703296707,-0.9153323121155355,0.6553362403520298
b,26.75,2,u,g,d,v,0.75,f,f,0,t,g,00080,0,-,0.2675,0.21611721611721613,-0.40340245380952455,0.8481008432228735
b,23.58,0.835,u,g,i,h,0.085,f,f,0,t,g,00220,5,-,0.23579999999999998,0.16967032967032963,-0.6703132516434153,0.7475969302129105
b,39.17,2.5,y,p,i,h,10,f,f,0,t,s,00200,0,-,0.3917,0.3980952380952381,0.6423490001642678,1.2418732721136432
b,22.75,11.5,u,g,i,v,0.415,f,f,0,f,g,00000,0,-,0.2275,0.1575091575091575,-0.7401984132213739,0.7212820255446868
b,26.50,2.71,y,p,c,v,0.085,f,f,0,f,s,00080,0,-,0.265,0.21245421245421245,-0.4244522012727652,0.8401746671179868
a,16.92,0.5,u,g,i,v,0.165,f,t,06,t,g,00240,35,-,0.16920000000000002,0.07208791208791211,-1.2310785240641442,0.5364435987787298
b,23.50,3.165,y,p,k,v,0.415,f,t,01,t,g,00280,80,-,0.235,0.1684981684981685,-0.6770491708316522,0.7450605538593469
a,17.33,9.5,u,g,aa,v,1.75,f,t,10,t,g,00000,10,-,0.17329999999999998,0.07809523809523806,-1.1965569382244299,0.5494425275907439
b,23.75,0.415,y,p,c,v,0.04,f,t,02,f,g,00128,6,-,0.2375,0.17216117216117216,-0.6559994233684115,0.7529867299642335
b,34.67,1.08,u,g,m,v,1.165,f,f,0,f,s,00028,0,-,0.3467,0.3321611721611722,0.2634535458259373,1.0992021022256833
b,74.83,19,y,p,ff,ff,0.04,f,t,02,f,g,00000,351,-,0.7483,0.9205860805860806,3.644884978320904,2.3724630317146778
b,28.17,0.125,y,p,k,v,0.085,f,f,0,f,g,00216,2100,-,0.2817,0.23692307692307696,-0.2838398882183179,0.8931215234986298
b,24.50,13.335,y,p,aa,v,0.04,f,f,0,t,g,00120,475,-,0.245,0.18315018315018314,-0.5928501809786898,0.7767652582788935
b,18.83,3.54,y,p,ff,ff,0,f,f,0,t,g,00180,1,-,0.1883,0.10007326007326005,-1.0702584534449864,0.5969995842200638
b,45.33,1,u,g,q,v,0.125,f,f,0,t,g,00263,0,-,0.4533,0.48835164835164835,1.1610147776585154,1.4371742513380508
a,47.25,0.75,u,g,q,h,2.75,t,t,01,f,g,00333,892,+,0.4725,0.5164835164835165,1.3226768381762033,1.4980472838235803
b,24.17,0.875,u,g,q,v,4.625,t,t,02,t,g,00520,2000,+,0.24170000000000003,0.17831501831501834,-0.6206358476301672,0.7663027058204431
b,39.25,9.5,u,g,m,v,6.5,t,t,14,f,g,00240,4607,+,0.3925,0.3992673992673993,0.6490849193525046,1.244409648467207
a,20.50,11.835,u,g,c,h,6,t,f,0,f,g,00340,0,+,0.205,0.12454212454212454,-0.9296461403905392,0.6499464406007068
a,18.83,4.415,y,p,c,h,3,t,f,0,f,g,00240,0,+,0.1883,0.10007326007326005,-1.0702584534449864,0.5969995842200638
b,19.17,9.5,u,g,w,v,1.5,t,f,0,f,g,00120,2206,+,0.1917,0.10505494505494507,-1.041630796894979,0.6077791837227098
a,25.00,0.875,u,g,x,h,1.04,t,f,0,t,g,00160,5860,+,0.25,0.19047619047619047,-0.5507506860522087,0.7926176104886669
b,20.17,9.25,u,g,c,v,1.665,t,t,03,t,g,00040,28,+,0.20170000000000002,0.11970695970695973,-0.9574318070420166,0.6394838881422564
b,25.75,0.5,u,g,c,v,1.46,t,t,05,t,g,00312,0,+,0.2575,0.20146520146520147,-0.4876014436624869,0.8163961388033268
b,20.42,7,u,g,c,v,1.625,t,t,03,f,g,00200,1391,+,0.20420000000000002,0.12336996336996339,-0.936382059578776,0.6474100642471431
b,31.568389955686886,4,u,g,x,v,5,t,t,03,t,g,00290,2279,+,0.3156838995568689,0.2867163363470606,0.002301113176971155,1.0008664725460388
b,39.00,5,u,g,cc,v,3.5,t,t,10,t,g,00000,0,+,0.39,0.3956043956043956,0.628035171889264,1.2364834723623204
a,64.08,0.165,u,g,ff,ff,0,t,t,01,f,g,00232,100,+,0.6408,0.7630769230769231,2.7397458374015593,2.0316374592045507
b,28.25,5.125,u,g,x,v,4.75,t,t,02,f,g,00420,7,+,0.2825,0.23809523809523808,-0.27710396903008105,0.8956578998521936
a,28.75,3.75,u,g,c,v,1.085,t,t,01,t,g,00371,0,+,0.2875,0.2454212454212454,-0.2350044741035999,0.9115102520619669
b,31.33,19.5,u,g,c,v,7,t,t,16,f,g,00000,5000,+,0.31329999999999997,0.28322344322344317,-0.017771080282957232,0.9933083894643973
a,18.92,9,u,g,aa,v,0.75,t,t,02,f,g,00088,591,+,0.1892,0.10139194139194142,-1.0626805443582195,0.5998530076178231
a,24.75,3,u,g,q,h,1.835,t,t,19,f,g,00000,500,+,0.2475,0.18681318681318682,-0.5718004335154493,0.7846914343837802
a,30.67,12,u,g,c,v,2,t,t,01,f,g,00220,19,+,0.30670000000000003,0.27355311355311357,-0.07334241358591209,0.9723832845474966
b,21.00,4.79,y,p,w,v,2.25,t,t,01,t,g,00080,300,+,0.21,0.13186813186813187,-0.887546645464058,0.6657987928104802
b,13.75,4,y,p,w,v,1.75,t,t,02,t,g,00120,1000,+,0.1375,0.02564102564102564,-1.497989321898035,0.43593968576876674
a,46.00,4,u,g,j,j,0,t,f,0,f,g,00100,960,+,0.46,0.4981684981684982,1.2174281008600003,1.458416403299147
a,44.33,0,u,g,c,v,2.5,t,f,0,f,g,00000,0,+,0.44329999999999997,0.4736996336996337,1.076815787805553,1.405469546918504
b,20.25,9.96,u,g,e,dd,0,t,f,0,f,g,00000,0,+,0.2025,0.12087912087912088,-0.9506958878537798,0.6420202644958202
b,22.67,2.54,y,p,c,h,2.585,t,f,0,f,g,00000,0,+,0.2267,0.15633699633699635,-0.7469343324096107,0.7187456491911232
b,31.568389955686886,10.5,u,g,x,v,6.5,t,f,0,f,g,00000,0,+,0.3156838995568689,0.2867163363470606,0.002301113176971155,1.0008664725460388
a,60.92,5,u,g,aa,v,4,t,t,04,f,g,00000,99,+,0.6092,0.7167765567765568,2.4736770294661983,1.9314505932387833
b,16.08,0.75,u,g,c,v,1.75,t,t,05,t,g,00352,690,+,0.16079999999999997,0.05978021978021975,-1.3018056755406329,0.5098116470663104
a,28.17,0.375,u,g,q,v,0.585,t,t,04,f,g,00080,0,+,0.2817,0.23692307692307696,-0.2838398882183179,0.8931215234986298
b,39.17,1.71,u,g,x,v,0.125,t,t,05,t,g,00480,0,+,0.3917,0.3980952380952381,0.6423490001642678,1.2418732721136432
b,20.42,7.5,u,g,k,v,1.5,t,t,01,f,g,00160,234,+,0.20420000000000002,0.12336996336996339,-0.936382059578776,0.6474100642471431
a,30.00,5.29,u,g,e,dd,2.25,t,t,05,t,g,00099,500,+,0.3,0.26373626373626374,-0.129755736787397,0.9511411325864002
b,22.83,3,u,g,m,v,1.29,t,t,01,f,g,00260,800,+,0.22829999999999998,0.15868131868131866,-0.733462494033137,0.7238184018982505
a,22.50,8.5,u,g,q,v,1.75,t,t,10,f,g,00080,990,-,0.225,0.15384615384615385,-0.7612481606846145,0.7133558494398001
a,28.58,1.665,u,g,q,v,2.415,t,f,0,t,g,00440,0,-,0.2858,0.2429304029304029,-0.24931830237860364,0.9061204523106439
b,45.17,1.5,u,g,c,v,2.5,t,f,0,t,g,00140,0,-,0.4517,0.48600732600732605,1.1475429392820418,1.4321014986309233
b,41.58,1.75,u,g,k,v,0.21,t,f,0,f,g,00160,0,-,0.4158,0.4334065934065934,0.8452685657099067,1.3182816097647507
a,57.08,0.335,u,g,i,bb,1,t,f,0,t,g,00252,2197,-,0.5708,0.6605128205128205,2.150352908430823,1.809704528267724
a,55.75,7.08,u,g,k,h,6.75,t,t,03,t,g,00100,50,-,0.5575,0.6410256410256411,2.038368251926383,1.767537271389727
b,43.25,25.21,u,g,q,h,0.21,t,t,01,f,g,00760,90,-,0.4325,0.45787545787545786,0.9858808787643539,1.3712284661453937
a,25.33,2.085,u,g,c,h,2.75,t,f,0,t,g,00360,1,-,0.25329999999999997,0.1953113553113553,-0.5229650194007313,0.8030801629471171
a,24.58,0.67,u,g,aa,h,1.75,t,f,0,f,g,00400,0,-,0.2458,0.1843223443223443,-0.586114261790453,0.7793016346324572
b,43.17,2.25,u,g,i,bb,0.75,t,f,0,f,g,00560,0,-,0.43170000000000003,0.45670329670329673,0.979144959576117,1.36869208979183
b,40.92,0.835,u,g,ff,ff,0,t,f,0,f,g,00130,1,-,0.4092,0.4237362637362638,0.7896972324069518,1.29735650484785
b,31.83,2.5,u,g,aa,v,7.5,t,f,0,t,g,00523,0,-,0.31829999999999997,0.2905494505494505,0.024328414643523935,1.0091607416741706
a,33.92,1.585,y,p,ff,ff,0,t,f,0,f,g,00320,0,-,0.3392,0.3211721611721612,0.2003043034362155,1.0754235739110232
a,24.92,1.25,u,g,ff,ff,0,t,f,0,f,g,00080,0,-,0.2492,0.18930402930402934,-0.5574866052404455,0.7900812341351031
b,35.25,3.165,u,g,x,h,3.75,t,f,0,t,g,00680,0,-,0.3525,0.34065934065934067,0.31228895994065525,1.1175908307890203
b,34.25,1.75,u,g,w,bb,0.25,t,f,0,t,g,00163,0,-,0.3425,0.326007326007326,0.2280899700876929,1.0858861263694737
b,80.25,5.5,u,g,c,v,0.54,t,f,0,f,g,00000,340,-,0.8025,1.0,4.1012435033239605,2.5443025296686206
b,19.42,1.5,y,p,cc,v,2,t,f,0,t,g,00100,20,-,0.1942,0.10871794871794874,-1.0205810494317384,0.6157053598275964
b,42.75,3,u,g,i,bb,1,t,f,0,f,g,00000,200,-,0.4275,0.45054945054945056,0.9437813838378728,1.3553761139356204
b,19.67,10,y,p,k,h,0.835,t,f,0,t,g,00140,0,-,0.1967,0.1123809523809524,-0.9995313019684977,0.6236315359324831
b,36.33,3.79,u,g,w,v,1.165,t,f,0,t,g,00200,0,-,0.36329999999999996,0.35648351648351645,0.4032238689818544,1.1518319115621305
b,30.08,1.04,y,p,i,bb,0.5,t,t,10,t,g,00132,28,-,0.30079999999999996,0.26490842490842487,-0.12301981759916016,0.953677508939964
b,44.25,11,y,p,d,v,1.5,t,f,0,f,s,00000,0,-,0.4425,0.4725274725274725,1.0700798686173163,1.4029331705649404
b,23.58,0.46,y,p,w,v,2.625,t,t,06,t,g,00208,347,-,0.23579999999999998,0.16967032967032963,-0.6703132516434153,0.7475969302129105
b,23.92,1.5,u,g,d,h,1.875,t,t,06,f,g,00200,327,+,0.23920000000000002,0.1746520146520147,-0.6416855950934078,0.7583765297155565
b,33.17,1,u,g,x,v,0.75,t,t,07,t,g,00340,4071,+,0.3317,0.31018315018315024,0.13715506104649375,1.0516450455963633
b,48.33,12,u,g,m,v,16,t,f,0,f,s,00110,0,+,0.4833,0.5323076923076923,1.4136117472174023,1.5322883645966907
b,76.75,22.29,u,g,e,z,12.75,t,t,01,t,g,00000,109,+,0.7675,0.9487179487179487,3.806547038838592,2.433336064200207
b,51.33,10,u,g,i,bb,0,t,t,11,f,g,00000,1249,+,0.5133,0.5762637362637363,1.6662087167762893,1.6274024778553307
b,34.75,15,u,g,r,n,5.375,t,t,09,t,g,00000,134,+,0.3475,0.3333333333333333,0.27018946501417407,1.101738478579247
b,38.58,3.335,u,g,w,v,4,t,t,14,f,g,00383,1344,+,0.3858,0.3894505494505494,0.5926715961510197,1.2231674965061106
a,22.42,11.25,y,p,x,h,0.75,t,t,04,f,g,00000,321,+,0.2242,0.1526739926739927,-0.7679840798728513,0.7108194730862365
b,41.92,0.42,u,g,c,h,0.21,t,t,06,f,g,00220,948,+,0.4192,0.43838827838827843,0.8738962222599141,1.3290612092673966
b,29.58,4.5,u,g,w,v,7.5,t,t,02,t,g,00330,0,+,0.2958,0.25758241758241757,-0.16511931252564133,0.9378251567301905
a,32.17,1.46,u,g,w,v,1.085,t,t,16,f,g,00120,2079,+,0.32170000000000004,0.2955311355311356,0.052956071193531414,1.0199403411768166
b,51.42,0.04,u,g,x,h,0.04,t,f,0,f,g,00000,3000,+,0.5142,0.5775824175824176,1.6737866258630563,1.63025590125309
a,22.83,2.29,u,g,q,h,2.29,t,t,07,t,g,00140,2384,+,0.22829999999999998,0.15868131868131866,-0.733462494033137,0.7238184018982505
a,25.00,12.33,u,g,cc,h,3.5,t,t,06,f,g,00400,458,+,0.25,0.19047619047619047,-0.5507506860522087,0.7926176104886669
b,26.75,1.125,u,g,x,h,1.25,t,f,0,f,g,00000,5298,+,0.2675,0.21611721611721613,-0.40340245380952455,0.8481008432228735
b,23.33,1.5,u,g,c,h,1.415,t,f,0,f,g,00422,200,+,0.23329999999999998,0.16600732600732598,-0.6913629991066559,0.7396707541080239
b,24.42,12.335,u,g,q,h,1.585,t,f,0,t,g,00120,0,+,0.24420000000000003,0.18197802197802201,-0.5995861001669267,0.7742288819253298
b,42.17,5.04,u,g,q,h,12.75,t,f,0,t,g,00092,0,+,0.4217,0.4420512820512821,0.8949459697231548,1.3369873853722833
a,20.83,3,u,g,aa,v,0.04,t,f,0,f,g,00100,0,+,0.20829999999999999,0.12937728937728935,-0.9018604737390618,0.6604089930591571
b,23.08,11.5,u,g,w,h,2.125,t,t,11,t,g,00290,284,+,0.23079999999999998,0.1623443223443223,-0.7124127465698965,0.7317445780031372
a,25.17,2.875,u,g,x,h,0.875,t,f,0,f,g,00360,0,+,0.25170000000000003,0.192967032967033,-0.536436857777205,0.7980074102399898
b,43.08,0.375,y,p,c,v,0.375,t,t,08,t,g,00300,162,+,0.43079999999999996,0.45538461538461533,0.9715670504893502,1.3658386663940707
a,35.75,0.915,u,g,aa,v,0.75,t,t,04,f,g,00000,1583,+,0.3575,0.34798534798534797,0.35438845486713644,1.1334431829987937
b,59.50,2.75,u,g,w,v,1.75,t,t,05,t,g,00060,58,+,0.595,0.6959706959706959,2.354114463874992,1.886429912963027
b,21.00,3,y,p,d,v,1.085,t,t,08,t,g,00160,1,+,0.21,0.13186813186813187,-0.887546645464058,0.6657987928104802
b,21.92,0.54,y,p,x,v,0.04,t,t,01,t,g,00840,59,+,0.2192,0.14534798534798538,-0.8100835747993325,0.6949671208764632
a,65.17,14,u,g,ff,ff,0,t,t,11,t,g,00000,1400,+,0.6517000000000001,0.7790476190476191,2.8315227363412885,2.066195587021857
a,20.33,10,u,g,c,h,1,t,t,04,f,g,00050,1465,+,0.20329999999999998,0.12205128205128203,-0.9439599686655429,0.6445566408493838
b,32.25,0.165,y,p,c,h,3.25,t,t,01,t,g,00432,8000,+,0.3225,0.2967032967032967,0.059691990381768256,1.0224767175303802
b,30.17,0.5,u,g,c,v,1.75,t,t,11,f,g,00032,540,+,0.3017,0.26622710622710627,-0.11544190851239325,0.9565309323377232
b,25.17,6,u,g,c,v,1,t,t,03,f,g,00000,0,+,0.25170000000000003,0.192967032967033,-0.536436857777205,0.7980074102399898
b,39.17,1.625,u,g,c,v,1.5,t,t,10,f,g,00186,4700,+,0.3917,0.3980952380952381,0.6423490001642678,1.2418732721136432
b,39.08,6,u,g,m,v,1.29,t,t,05,t,g,00108,1097,+,0.3908,0.39677655677655677,0.6347710910775008,1.2390198487158839
b,31.67,0.83,u,g,x,v,1.335,t,t,08,t,g,00303,3290,+,0.31670000000000004,0.2882051282051282,0.010856576267050248,1.0040879889670433
b,41.00,0.04,u,g,e,v,0.04,f,t,01,f,s,00560,0,+,0.41,0.4249084249084249,0.7964331515951887,1.2998928812014137
b,48.50,4.25,u,g,m,v,0.125,t,f,0,t,g,00225,0,+,0.485,0.5347985347985348,1.427925575492406,1.5376781643480137
b,32.67,9,y,p,w,h,5.25,t,f,0,t,g,00154,0,+,0.3267,0.3028571428571429,0.09505556612001258,1.03579269338659
a,28.08,15,y,p,e,z,0,t,f,0,f,g,00000,13212,+,0.2808,0.23560439560439558,-0.2914177973050848,0.8902681001008705
b,73.42,17.75,u,g,ff,ff,0,t,f,0,t,g,00000,0,+,0.7342,0.89992673992674,3.5261644026282277,2.3277593984831166
b,64.08,20,u,g,x,h,17.5,t,t,09,t,g,00000,1000,+,0.6408,0.7630769230769231,2.7397458374015593,2.0316374592045507
b,51.58,15,u,g,c,v,8.5,t,t,09,f,g,00000,0,+,0.5158,0.5799267399267399,1.68725846423953,1.6353286539602174
b,26.67,1.75,y,p,c,v,1,t,t,05,t,g,00160,5777,+,0.2667,0.21494505494505498,-0.4101383729977614,0.8455644668693099
b,25.33,0.58,u,g,c,v,0.29,t,t,07,t,g,00096,5124,+,0.25329999999999997,0.1953113553113553,-0.5229650194007313,0.8030801629471171
b,30.17,6.5,u,g,cc,v,3.125,t,t,08,f,g,00330,1200,+,0.3017,0.26622710622710627,-0.11544190851239325,0.9565309323377232
b,27.00,0.75,u,g,c,h,4.25,t,t,03,t,g,00312,150,+,0.27,0.21978021978021978,-0.382352706346284,0.8560270193277602
b,23.17,0,u,g,c,v,0,f,f,0,f,p,183.67555555555555,0,+,0.23170000000000002,0.16366300366300368,-0.7048348374831296,0.7345980014008965
b,34.17,5.25,u,g,w,v,0.085,f,f,0,t,g,00290,6,+,0.3417,0.32483516483516484,0.2213540508994561,1.08334975001591
b,38.67,0.21,u,g,k,v,0.085,t,f,0,t,g,00280,0,+,0.38670000000000004,0.3907692307692308,0.6002495052377865,1.2260209199038699
b,25.75,0.75,u,g,c,bb,0.25,t,f,0,f,g,00349,23,+,0.2575,0.20146520146520147,-0.4876014436624869,0.8163961388033268
a,46.08,3,u,g,c,v,2.375,t,t,08,t,g,00396,4159,+,0.4608,0.4993406593406593,1.224164020048237,1.4609527796527106
a,21.50,6,u,g,aa,v,2.5,t,t,03,f,g,00080,918,+,0.215,0.1391941391941392,-0.8454471505375768,0.6816511450202535
b,20.08,0.125,u,g,q,v,1,f,t,01,f,g,00240,768,+,0.20079999999999998,0.11838827838827837,-0.9650097161287835,0.6366304647444971
b,20.50,2.415,u,g,c,v,2,t,t,11,t,g,00200,3000,+,0.205,0.12454212454212454,-0.9296461403905392,0.6499464406007068
a,29.50,0.46,u,g,k,v,0.54,t,t,04,f,g,00380,500,+,0.295,0.2564102564102564,-0.17185523171387815,0.9352887803766269
b,42.25,1.75,y,p,c,v,0,f,f,0,t,g,00150,1,-,0.4225,0.4432234432234432,0.9016818889113916,1.3395237617258469
b,29.83,1.25,y,p,k,v,0.25,f,f,0,f,g,00224,0,-,0.2983,0.2612454212454212,-0.14406956506240073,0.9457513328350772
b,20.08,0.25,u,g,q,v,0.125,f,f,0,f,g,00200,0,-,0.20079999999999998,0.11838827838827837,-0.9650097161287835,0.6366304647444971
b,23.42,0.585,u,g,c,h,0.085,t,f,0,f,g,00180,0,-,0.23420000000000002,0.16732600732600736,-0.683785090019889,0.7425241775057831
a,29.58,1.75,y,p,k,v,1.25,f,f,0,t,g,00280,0,-,0.2958,0.25758241758241757,-0.16511931252564133,0.9378251567301905
b,16.17,0.04,u,g,c,v,0.04,f,f,0,f,g,00000,0,+,0.1617,0.06109890109890112,-1.294227766453866,0.5126650704640697
b,32.33,3.5,u,g,k,v,0.5,f,f,0,t,g,00232,0,-,0.3233,0.2978754578754578,0.0664279095700051,1.025013093883944
b,31.568389955686886,0.04,y,p,d,v,4.25,f,f,0,t,g,00460,0,-,0.3156838995568689,0.2867163363470606,0.002301113176971155,1.0008664725460388
b,47.83,4.165,u,g,x,bb,0.085,f,f,0,t,g,00520,0,-,0.4783,0.524981684981685,1.3715122522909213,1.5164360123869174
b,20.00,1.25,y,p,k,v,0.125,f,f,0,f,g,00140,4,-,0.2,0.11721611721611722,-0.9717456353170203,0.6340940883909335
b,27.58,3.25,y,p,q,h,5.085,f,t,02,t,g,00369,1,-,0.2758,0.22827838827838826,-0.333517292231566,0.8744157478910972
b,22.00,0.79,u,g,w,v,0.29,f,t,01,f,g,00420,283,-,0.22,0.14652014652014653,-0.8033476556110957,0.6975034972300268
b,19.33,10.915,u,g,c,bb,0.585,f,t,02,t,g,00200,7,-,0.19329999999999997,0.10739926739926738,-1.0281589585185051,0.6128519364298372
a,38.33,4.415,u,g,c,v,0.125,f,f,0,f,g,00160,0,-,0.3833,0.38578754578754576,0.5716218486877791,1.215241320401224
b,29.42,1.25,u,g,c,h,0.25,f,t,02,t,g,00400,108,-,0.2942,0.25523809523809526,-0.178591150902115,0.9327524040230633
b,22.67,0.75,u,g,i,v,1.585,f,t,01,t,g,00400,9,-,0.2267,0.15633699633699635,-0.7469343324096107,0.7187456491911232
b,32.25,14,y,p,ff,ff,0,f,t,02,f,g,00160,1,-,0.3225,0.2967032967032967,0.059691990381768256,1.0224767175303802
b,29.58,4.75,u,g,m,v,2,f,t,01,t,g,00460,68,-,0.2958,0.25758241758241757,-0.16511931252564133,0.9378251567301905
b,18.42,10.415,y,p,aa,v,0.125,t,f,0,f,g,00120,375,-,0.18420000000000003,0.0940659340659341,-1.1047800392847007,0.5840006554080498
b,22.17,2.25,u,g,i,v,0.125,f,f,0,f,g,00160,10,-,0.2217,0.14901098901098903,-0.789033827336092,0.7028932969813498
b,22.67,0.165,u,g,c,j,2.25,f,f,0,t,s,00000,0,+,0.2267,0.15633699633699635,-0.7469343324096107,0.7187456491911232
a,25.58,0,u,g,c,v,0,f,f,0,f,p,183.67555555555555,0,+,0.25579999999999997,0.19897435897435894,-0.5019152719374906,0.8110063390520038
b,18.83,0,u,g,q,v,0.665,f,f,0,f,g,00160,1,-,0.1883,0.10007326007326005,-1.0702584534449864,0.5969995842200638
b,21.58,0.79,y,p,cc,v,0.665,f,f,0,f,g,00160,0,-,0.2158,0.14036630036630035,-0.83871123134934,0.6841875213738172
b,23.75,12,u,g,c,v,2.085,f,f,0,f,s,00080,0,-,0.2375,0.17216117216117216,-0.6559994233684115,0.7529867299642335
b,22.00,7.835,y,p,i,bb,0.165,f,f,0,t,g,183.67555555555555,0,-,0.22,0.14652014652014653,-0.8033476556110957,0.6975034972300268
b,36.08,2.54,u,g,ff,ff,0,f,f,0,f,g,00000,1000,-,0.3608,0.3528205128205128,0.38217412151861385,1.143905735457244
b,29.25,13,u,g,d,h,0.5,f,f,0,f,g,00228,0,-,0.2925,0.25274725274725274,-0.19290497917711874,0.9273626042717402
a,19.58,0.665,u,g,w,v,1.665,f,f,0,f,g,00220,5,-,0.19579999999999997,0.11106227106227104,-1.0071092110552646,0.6207781125347238
a,22.92,1.25,u,g,q,v,0.25,f,f,0,t,g,00120,809,-,0.22920000000000001,0.16000000000000003,-0.7258845849463702,0.7266718252960098
a,27.25,0.29,u,g,m,h,0.125,f,t,01,t,g,00272,108,-,0.2725,0.22344322344322345,-0.3613029588830434,0.8639531954326468
a,38.75,1.5,u,g,ff,ff,0,f,f,0,f,g,00076,0,-,0.3875,0.39194139194139194,0.6069854244260234,1.2285572962574336
b,32.42,2.165,y,p,k,ff,0,f,f,0,f,g,00120,0,-,0.32420000000000004,0.29919413919413923,0.074005818656772,1.0278665172817032
a,23.75,0.71,u,g,w,v,0.25,f,t,01,t,g,00240,4,-,0.2375,0.17216117216117216,-0.6559994233684115,0.7529867299642335
b,18.17,2.46,u,g,c,n,0.96,f,t,02,t,g,00160,587,-,0.18170000000000003,0.09040293040293043,-1.1258297867479412,0.5760744793031631
b,40.92,0.5,y,p,m,v,0.5,f,f,0,t,g,00130,0,-,0.4092,0.4237362637362638,0.7896972324069518,1.29735650484785
b,19.50,9.585,u,g,aa,v,0.79,f,f,0,f,g,00080,350,-,0.195,0.10989010989010989,-1.0138451302435014,0.6182417361811602
b,28.58,3.625,u,g,aa,v,0.25,f,f,0,t,g,00100,0,-,0.2858,0.2429304029304029,-0.24931830237860364,0.9061204523106439
b,35.58,0.75,u,g,k,v,1.5,f,f,0,t,g,00231,0,-,0.3558,0.34549450549450544,0.34007462659213267,1.1280533832474706
b,34.17,2.75,u,g,i,bb,2.5,f,f,0,t,g,00232,200,-,0.3417,0.32483516483516484,0.2213540508994561,1.08334975001591
b,33.17,2.25,y,p,cc,v,3.5,f,f,0,t,g,00200,141,-,0.3317,0.31018315018315024,0.13715506104649375,1.0516450455963633
b,31.58,0.75,y,p,aa,v,3.5,f,f,0,t,g,00320,0,-,0.31579999999999997,0.2868864468864469,0.00327866718028335,1.0012345655692838
a,52.50,7,u,g,aa,h,3,f,f,0,f,g,00000,0,-,0.525,0.5934065934065934,1.7647215349042555,1.6644969820262003
b,36.17,0.42,y,p,w,v,0.29,f,f,0,t,g,00309,2,-,0.3617,0.35413919413919415,0.3897520306053808,1.1467591588550032
b,37.33,2.665,u,g,cc,v,0.165,f,f,0,t,g,00000,501,-,0.37329999999999997,0.3711355311355311,0.4874228588348168,1.1835366159816774
a,20.83,8.5,u,g,c,v,0.165,f,f,0,f,g,00000,351,-,0.20829999999999999,0.12937728937728935,-0.9018604737390618,0.6604089930591571
b,24.08,9,u,g,aa,v,0.25,f,f,0,t,g,00000,0,-,0.2408,0.17699633699633696,-0.6282137567169341,0.7634492824226838
b,25.58,0.335,u,g,k,h,3.5,f,f,0,t,g,00340,0,-,0.25579999999999997,0.19897435897435894,-0.5019152719374906,0.8110063390520038
a,35.17,3.75,u,g,ff,ff,0,f,t,06,f,g,00000,200,-,0.3517,0.3394871794871795,0.3055530407524184,1.1150544544354566
b,48.08,3.75,u,g,i,bb,1,f,f,0,f,g,00100,2,-,0.4808,0.5286446886446886,1.3925619997541618,1.524362188491804
a,15.83,7.625,u,g,q,v,0.125,f,t,01,t,g,00000,160,-,0.1583,0.056117216117216116,-1.3228554230038732,0.5018854709614239
a,22.50,0.415,u,g,i,v,0.335,f,f,0,t,s,00144,0,-,0.225,0.15384615384615385,-0.7612481606846145,0.7133558494398001
b,21.50,11.5,u,g,i,v,0.5,t,f,0,t,g,00100,68,-,0.215,0.1391941391941392,-0.8454471505375768,0.6816511450202535
a,23.58,0.83,u,g,q,v,0.415,f,t,01,t,g,00200,11,-,0.23579999999999998,0.16967032967032963,-0.6703132516434153,0.7475969302129105
a,21.08,5,y,p,ff,ff,0,f,f,0,f,g,00000,0,-,0.2108,0.13304029304029302,-0.8808107262758211,0.6683351691640438
b,25.67,3.25,u,g,c,h,2.29,f,t,01,t,g,00416,21,-,0.25670000000000004,0.20029304029304032,-0.49433736285072377,0.8138597624497632
a,38.92,1.665,u,g,aa,v,0.25,f,f,0,f,g,00000,390,-,0.3892,0.39443223443223446,0.6212992527010271,1.2339470960087566
a,15.75,0.375,u,g,c,v,1,f,f,0,f,g,00120,18,-,0.1575,0.054945054945054944,-1.3295913421921102,0.4993490946078601
a,28.58,3.75,u,g,c,v,0.25,f,t,01,t,g,00040,154,-,0.2858,0.2429304029304029,-0.24931830237860364,0.9061204523106439
b,22.25,9,u,g,aa,v,0.085,f,f,0,f,g,00000,0,-,0.2225,0.15018315018315018,-0.782297908147855,0.7054296733349135
b,29.83,3.5,u,g,c,v,0.165,f,f,0,f,g,00216,0,-,0.2983,0.2612454212454212,-0.14406956506240073,0.9457513328350772
a,23.50,1.5,u,g,w,v,0.875,f,f,0,t,g,00160,0,-,0.235,0.1684981684981685,-0.6770491708316522,0.7450605538593469
b,32.08,4,y,p,cc,v,1.5,f,f,0,t,g,00120,0,-,0.3208,0.2942124542124542,0.045378162106764514,1.0170869177790571
b,31.08,1.5,y,p,w,v,0.04,f,f,0,f,s,00160,0,-,0.31079999999999997,0.2795604395604395,-0.038820827746197814,0.9853822133595106
b,31.83,0.04,y,p,m,v,0.04,f,f,0,f,g,00000,0,-,0.31829999999999997,0.2905494505494505,0.024328414643523935,1.0091607416741706
a,21.75,11.75,u,g,c,v,0.25,f,f,0,t,g,00180,0,-,0.2175,0.14285714285714285,-0.8243974030743363,0.6895773211251401
a,17.92,0.54,u,g,c,v,1.75,f,t,01,t,g,00080,5,-,0.17920000000000003,0.08673992673992677,-1.146879534211182,0.5681483031982765
b,30.33,0.5,u,g,d,h,0.085,f,f,0,t,s,00252,0,-,0.30329999999999996,0.26857142857142857,-0.10197007013591956,0.9616036850448506
b,51.83,2.04,y,p,ff,ff,1.5,f,f,0,f,g,00120,1,-,0.5183,0.5835897435897436,1.7083082117027706,1.643254830065104
b,47.17,5.835,u,g,w,v,5.5,f,f,0,f,g,00465,150,-,0.4717,0.5153113553113553,1.3159409189879665,1.4955109074700166
b,25.83,12.835,u,g,cc,v,0.5,f,f,0,f,g,00000,2,-,0.2583,0.20263736263736262,-0.4808655244742501,0.8189325151568906
a,50.25,0.835,u,g,aa,v,0.5,f,f,0,t,g,00240,117,-,0.5025,0.5604395604395604,1.5752738077350903,1.5931613970822203
b,29.50,2,y,p,e,h,2,f,f,0,f,g,00256,17,-,0.295,0.2564102564102564,-0.17185523171387815,0.9352887803766269
a,37.33,2.5,u,g,i,h,0.21,f,f,0,f,g,00260,246,-,0.37329999999999997,0.3711355311355311,0.4874228588348168,1.1835366159816774
a,41.58,1.04,u,g,aa,v,0.665,f,f,0,f,g,00240,237,-,0.4158,0.4334065934065934,0.8452685657099067,1.3182816097647507
a,30.58,10.665,u,g,q,h,0.085,f,t,12,t,g,00129,3,-,0.30579999999999996,0.2722344322344322,-0.08092032267267898,0.9695298611497373
b,19.42,7.25,u,g,m,v,0.04,f,t,01,f,g,00100,1,-,0.1942,0.10871794871794874,-1.0205810494317384,0.6157053598275964
a,17.92,10.21,u,g,ff,ff,0,f,f,0,f,g,00000,50,-,0.17920000000000003,0.08673992673992677,-1.146879534211182,0.5681483031982765
a,20.08,1.25,u,g,c,v,0,f,f,0,f,g,00000,0,-,0.20079999999999998,0.11838827838827837,-0.9650097161287835,0.6366304647444971
b,19.50,0.29,u,g,k,v,0.29,f,f,0,f,g,00280,364,-,0.195,0.10989010989010989,-1.0138451302435014,0.6182417361811602
b,27.83,1,y,p,d,h,3,f,f,0,f,g,00176,537,-,0.2783,0.2319413919413919,-0.3124675447683254,0.8823419239959839
b,17.08,3.29,u,g,i,v,0.335,f,f,0,t,g,00140,2,-,0.17079999999999998,0.0744322344322344,-1.2176066856876704,0.5415163514858571
b,36.42,0.75,y,p,d,v,0.585,f,f,0,f,g,00240,3,-,0.3642,0.35780219780219785,0.41080177806862134,1.15468533495989
b,40.58,3.29,u,g,m,v,3.5,f,f,0,t,s,00400,0,-,0.4058,0.4187545787545787,0.7610695758569443,1.2865769053452039
b,21.08,10.085,y,p,e,h,1.25,f,f,0,f,g,00260,0,-,0.2108,0.13304029304029302,-0.8808107262758211,0.6683351691640438
a,22.67,0.75,u,g,c,v,2,f,t,02,t,g,00200,394,-,0.2267,0.15633699633699635,-0.7469343324096107,0.7187456491911232
a,25.25,13.5,y,p,ff,ff,2,f,t,01,t,g,00200,1,-,0.2525,0.19413919413919414,-0.529700938588968,0.8005437865935535
b,17.92,0.205,u,g,aa,v,0.04,f,f,0,f,g,00280,750,-,0.17920000000000003,0.08673992673992677,-1.146879534211182,0.5681483031982765
b,35.00,3.375,u,g,c,h,8.29,f,f,0,t,g,00000,0,-,0.35,0.336996336996337,0.2912392124774147,1.1096646546841336
