b,30.83,0,u,g,w,v,1.25,t,t,01,f,g,00202,0,+,Column_1_normalize_sklearn,Column_1_minmax_sklearn,Column_1_z_score_sklearn
b,30.83,0,u,g,w,v,1.25,t,t,01,f,g,00202,0,+,Column_1_normalize_sklearn,Column_1_minmax_sklearn,Column_1_z_score_sklearn
a,58.67,4.46,u,g,q,h,3.04,t,t,06,f,g,00043,560,+,0.06631897574961462,0.6838095238095239,2.284229302297033
a,24.50,0.5,u,g,q,h,1.5,t,f,0,f,g,00280,824,+,0.027694135092305408,0.18315018315018317,-0.5928501809786898
b,27.83,1.54,u,g,w,v,3.75,t,t,05,t,g,00100,3,+,0.031458276719137125,0.2319413919413919,-0.3124675447683254
b,20.17,5.625,u,g,w,v,1.71,t,f,0,f,s,00120,0,+,0.02279962060456327,0.11970695970695977,-0.9574318070420166
b,32.08,4,u,g,m,v,2.5,t,f,0,t,g,00360,0,+,0.036262361378006425,0.2942124542124542,0.045378162106764514
b,33.17,1.04,u,g,r,h,6.5,t,f,0,t,g,00164,31285,+,0.0374944677963988,0.31018315018315024,0.13715506104649375
a,22.92,11.585,u,g,cc,v,0.04,t,f,0,f,g,00080,1349,+,0.02590814597206694,0.16000000000000003,-0.7258845849463702
b,54.42,0.5,y,p,k,h,3.96,t,f,0,f,g,00180,314,+,0.06151489109074532,0.6215384615384616,1.9263835954219433
b,42.50,4.915,y,p,w,v,3.165,t,f,0,t,g,00052,1442,+,0.04804084658869306,0.4468864468864469,0.9227316363746322
b,22.08,0.83,u,g,c,h,2.165,f,f,0,t,g,00128,0,+,0.02495863276890218,0.14769230769230768,-0.7966117364228588
b,29.92,1.835,u,g,c,h,4.335,t,f,0,f,g,00260,200,+,0.033820755998439915,0.2625641025641026,-0.13649165597563384
a,38.25,6,u,g,k,v,1,t,f,0,t,g,00000,0,+,0.04323676192982375,0.38461538461538464,0.5648859294995423
b,48.08,6.04,u,g,k,v,0.04,f,f,0,f,g,00000,2690,+,0.05434832715257323,0.5286446886446887,1.3925619997541618
a,45.83,10.5,u,g,q,v,5,t,t,07,t,g,00000,0,+,0.05180498821552477,0.4956776556776557,1.2031142725849966
b,36.67,4.415,y,p,k,v,0.25,t,t,10,t,g,00320,0,+,0.041450772809585285,0.3614652014652015,0.4318515255318619
b,28.25,0.875,u,g,m,v,0.96,t,t,03,t,g,00396,0,+,0.0319330333207195,0.23809523809523808,-0.27710396903008105
a,23.25,5.875,u,g,q,v,3.17,t,t,10,f,g,00120,245,+,0.026281169016167377,0.16483516483516486,-0.6980989182948928
b,21.83,0.25,u,g,d,h,0.665,t,f,0,t,g,00000,0,+,0.024676039553674572,0.14402930402930403,-0.8176614838860994
a,19.17,8.585,u,g,h,0.75,t,t,07,f,g,00096,0,+,-,0.021669247743652847,0.10505494505494511,-1.041630796894979
b,25.00,11.25,u,g,c,v,2.5,t,t,17,f,g,00200,1208,+,0.02825932152276062,0.19047619047619047,-0.5507506860522087
b,23.25,1,u,g,c,v,0.835,t,f,0,f,s,00300,0,+,0.026281169016167377,0.16483516483516486,-0.6980989182948928
a,47.75,8,u,g,c,v,7.875,t,t,06,t,g,00000,1260,+,0.05397530410847279,0.5238095238095237,1.3647763331026843
a,27.42,14.5,u,g,x,h,3.085,t,t,01,f,g,00120,11,+,0.030994823846163852,0.22593406593406595,-0.34698913060803965
a,41.17,6.5,u,g,q,v,0.5,t,t,03,t,g,00145,0,+,0.046537450683682195,0.4273992673992674,0.8107469798701924
a,15.83,0.585,u,g,c,h,1.5,t,t,02,f,g,00100,0,+,0.017893802388212025,0.05611721611721612,-1.3228554230038732
a,47.00,13,u,g,i,bb,5.165,t,t,09,t,g,00000,0,+,0.05312752446278997,0.5128205128205128,1.3016270907129626
b,56.58,18.5,u,g,d,bb,15,t,t,17,t,g,00000,0,+,0.06395649647031183,0.6531868131868133,2.108253413504342
b,57.42,8.5,u,g,e,h,7,t,t,03,f,g,00000,0,+,0.0649060096734766,0.6654945054945056,2.1789805649808303
b,42.08,1.04,u,g,w,v,5,t,t,06,t,g,00500,10000,+,0.04756608998711068,0.44073260073260073,0.8873680606363878
b,29.25,14.79,u,g,aa,v,5.04,t,t,05,t,g,00168,0,+,0.03306340618162993,0.25274725274725274,-0.19290497917711874
b,42.00,9.79,u,g,x,h,7.96,t,t,08,f,g,00000,0,+,0.04747566015823784,0.4395604395604396,0.880632141448151
b,49.50,7.585,u,g,i,bb,7.585,t,t,15,t,g,00000,5000,+,0.05595345661506603,0.5494505494505495,1.5121245653453685
a,36.75,5.125,u,g,e,v,5,t,f,0,t,g,00000,4000,+,0.04154120263845811,0.3626373626373626,0.43858744472009875
a,22.58,10.75,u,g,q,v,0.415,t,t,05,t,g,00000,560,+,0.02552381919935739,0.15501831501831503,-0.7545122414963776
b,27.83,1.5,u,g,w,v,2,t,t,11,t,g,00434,35,+,0.031458276719137125,0.2319413919413919,-0.3124675447683254
b,27.25,1.585,u,g,cc,h,1.835,t,t,12,t,g,00583,713,+,0.03080266045980908,0.22344322344322348,-0.3613029588830434
a,23.00,11.75,u,g,x,h,0.5,t,t,02,t,g,00300,551,+,0.025998575800939772,0.1611721611721612,-0.7191486657581333
b,27.75,0.585,y,p,cc,v,0.25,t,t,02,f,g,00260,500,+,0.03136784689026429,0.23076923076923078,-0.31920346395656224
b,54.58,9.415,u,g,ff,ff,14.415,t,t,11,t,g,00030,300,+,0.061695750748490985,0.6238827838827838,1.939855433798417
b,34.17,9.17,u,g,c,v,4.5,t,t,12,t,g,00000,221,+,0.03862484065730922,0.3248351648351649,0.2213540508994561
b,28.92,15,u,g,c,h,5.335,t,t,11,f,g,00000,2283,+,0.03269038313752949,0.24791208791208796,-0.22069064582859618
b,29.67,1.415,u,g,w,h,0.75,t,t,01,f,g,00240,100,+,0.03353816278321231,0.2589010989010989,-0.1575414034388744
b,39.58,13.915,u,g,w,v,8.625,t,t,06,t,g,00070,0,+,0.044740157834834614,0.4041025641025641,0.676870586003982
b,56.42,28,y,p,c,v,28.5,t,t,40,f,g,00000,15,+,0.06377563681256618,0.6508424908424908,2.094781575127868
b,54.33,6.75,u,g,c,h,2.625,t,t,11,t,g,00000,284,+,0.06141315753326338,0.6202197802197802,1.9188056863351763
a,41.00,2.04,y,p,q,h,0.125,t,t,23,t,g,00455,1236,+,0.04634528729732742,0.4249084249084249,0.7964331515951887
b,31.92,4.46,u,g,cc,h,6.04,t,t,03,f,g,00311,300,+,0.03608150172026076,0.29186813186813193,0.03190632373029083
b,41.50,1.54,u,g,i,bb,3.5,f,f,0,f,g,00216,0,+,0.046910473727782634,0.4322344322344322,0.8385326465216698
b,23.92,0.665,u,g,c,v,0.165,f,f,0,f,g,00100,0,+,0.027038518832977365,0.1746520146520147,-0.6416855950934078
a,25.75,0.5,u,g,c,h,0.875,t,f,0,t,g,00491,0,+,0.02910710116844344,0.20146520146520147,-0.4876014436624869
b,26.00,1,u,g,q,v,1.75,t,f,0,t,g,00280,0,+,0.029389694383671047,0.20512820512820512,-0.4665516961992463
b,37.42,2.04,u,g,w,v,0.04,t,f,0,t,g,00400,5800,+,0.0422985524552681,0.37245421245421245,0.49500076792158365
b,34.92,2.5,u,g,w,v,0,t,f,0,t,g,00239,200,+,0.03947262030299204,0.33582417582417584,0.28450329328917784
b,34.25,3,u,g,cc,h,7.415,t,f,0,t,g,00000,0,+,0.03871527048618205,0.326007326007326,0.2280899700876929
b,23.33,11.625,y,p,w,v,0.835,t,f,0,t,g,00160,300,+,0.02637159884504021,0.16600732600732598,-0.6913629991066559
b,23.17,0,u,g,cc,v,0.085,t,f,0,f,g,00000,0,+,0.026190739187294546,0.16366300366300368,-0.7048348374831296
b,44.33,0.5,u,g,i,h,5,t,f,0,t,g,00320,0,+,0.05010942892415913,0.4736996336996337,1.076815787805553
b,35.17,4.5,u,g,x,h,5.75,f,f,0,t,s,00711,0,+,0.039755213518219645,0.3394871794871795,0.3055530407524184
b,43.25,3,u,g,q,h,6,t,t,11,f,g,00080,0,+,0.04888862623437588,0.45787545787545786,0.9858808787643539
b,56.75,12.25,u,g,m,v,1.25,t,t,04,t,g,00200,0,+,0.06414865985666661,0.6556776556776558,2.1225672417793455
b,31.67,16.165,u,g,d,v,3,t,t,09,f,g,00250,730,+,0.03579890850503316,0.2882051282051282,0.010856576267050248
a,23.42,0.79,y,p,q,v,1.5,t,t,02,t,g,00080,400,+,0.026473332402522153,0.1673260073260074,-0.683785090019889
a,20.42,0.835,u,g,q,v,1.585,t,t,01,f,g,00000,0,+,0.02308221381979088,0.12336996336996342,-0.936382059578776
b,26.67,4.25,u,g,cc,v,4.29,t,t,01,t,g,00120,0,+,0.030147044200481032,0.214945054945055,-0.4101383729977614
b,34.17,1.54,u,g,cc,v,1.54,t,t,01,t,g,00520,50000,+,0.03862484065730922,0.3248351648351649,0.2213540508994561
a,36.00,1,u,g,c,v,2,t,t,11,f,g,00000,456,+,0.04069342299277529,0.3516483516483517,0.375438202330377
b,25.50,0.375,u,g,m,v,0.25,t,t,03,f,g,00260,15108,+,0.028824507953215835,0.19780219780219782,-0.5086511911257275
b,19.42,6.5,u,g,w,h,1.46,t,t,07,f,g,00080,2954,+,0.021951840958880454,0.10871794871794876,-1.0205810494317384
b,35.17,25.125,u,g,x,h,1.625,t,t,01,t,g,00515,500,+,0.039755213518219645,0.3394871794871795,0.3055530407524184
b,32.33,7.5,u,g,e,bb,1.585,t,f,0,t,s,00420,0,-,0.036544954593234036,0.2978754578754579,0.0664279095700051
b,34.83,4,u,g,d,bb,12.5,t,f,0,t,g,183.67555555555555,0,-,0.0393708867455101,0.33450549450549455,0.2769253842024109
a,38.58,5,u,g,cc,v,13.5,t,f,0,t,g,00980,0,-,0.04360978497392419,0.3894505494505494,0.5926715961510197
b,44.25,0.5,u,g,m,v,10.75,t,f,0,f,s,00400,0,-,0.0500189990952863,0.47252747252747257,1.0700798686173163
b,44.83,7,y,p,c,v,1.625,f,f,0,f,g,00160,2,-,0.050674615354614344,0.481025641025641,1.1189152827320343
b,20.67,5.29,u,g,q,v,0.375,t,t,01,f,g,00160,0,-,0.023364807035018482,0.12703296703296707,-0.9153323121155355
b,34.08,6.5,u,g,aa,v,0.125,t,f,0,t,g,00443,0,-,0.03852310709982728,0.3235164835164835,0.2137761418126892
a,19.17,0.585,y,p,aa,v,0.585,t,f,0,t,g,00160,0,-,0.021669247743652847,0.10505494505494511,-1.041630796894979
b,21.67,1.165,y,p,k,v,2.5,t,t,01,f,g,00180,20,-,0.02449517989592891,0.14168498168498173,-0.8311333222625731
b,21.50,9.75,u,g,c,v,0.25,t,f,0,f,g,00140,0,-,0.024303016509574133,0.1391941391941392,-0.8454471505375768
b,49.58,4.7219912790697665,u,g,ff,ff,0,t,t,01,f,g,00094,0,-,0.056043886443938866,0.5506227106227106,1.5188604845336053
a,27.67,1.5,u,g,m,v,2,t,f,0,f,s,00368,0,-,0.031277417061391456,0.22959706959706966,-0.3259393831447991
b,39.83,0.5,u,g,m,v,0.25,t,f,0,f,s,00288,0,-,0.04502275105006222,0.40776556776556777,0.6979203334672226
a,31.568389955686886,3.5,u,g,d,v,3,t,f,0,t,g,00300,0,-,0.03568405126854571,0.2867163363470606,0.002301113176971155
b,27.25,0.625,u,0.455,t,f,0,t,g,00200,0,-,183.67555555555555,1024.8116788321167,-,0.03080266045980908,0.22344322344322348,-0.3613029588830434
b,37.17,4,u,g,c,bb,5,t,f,0,t,s,00280,0,-,0.04201595924004049,0.3687912087912088,0.4739510204583431
b,31.568389955686886,0.375,u,g,d,v,0.875,t,f,0,t,s,00928,0,-,0.03568405126854571,0.2867163363470606,0.002301113176971155
b,25.67,2.21,y,p,aa,v,4,t,f,0,f,g,00188,0,-,0.02901667133957061,0.20029304029304035,-0.49433736285072377
b,34.00,4.5,u,g,aa,v,1,t,f,0,t,g,00240,0,-,0.038432677270954445,0.32234432234432236,0.20704022262445235
a,49.00,1.5,u,g,j,j,0,t,f,0,t,g,00100,27,-,0.055388270184610816,0.5421245421245422,1.4700250704188873
b,62.50,12.75,y,p,c,h,5,t,f,0,f,g,00112,0,-,0.07064830380690156,0.73992673992674,2.606711433433879
a,12.00,b,31.42,15.5,u,g,c,v,0.5,t,f,0,f,g,00120,0,-,0.013564474330925098,0.0,-1.645337554140719
b,31.568389955686886,5,y,p,aa,v,8.5,t,f,0,f,g,00000,0,-,0.03568405126854571,0.2867163363470606,0.002301113176971155
b,52.33,1.375,y,p,c,h,9.46,t,f,0,t,g,00200,100,-,0.05915241181144253,0.590915750915751,1.7504077066292518
b,28.75,1.5,y,p,c,v,1.5,t,f,0,t,g,00000,225,-,0.032498219751174715,0.24542124542124544,-0.2350044741035999
a,28.58,3.54,u,g,i,bb,0.5,t,f,0,t,g,00171,0,-,0.03230605636481994,0.2429304029304029,-0.24931830237860364
b,23.00,0.625,y,p,aa,v,0.125,t,f,0,f,g,00180,1,-,0.025998575800939772,0.1611721611721612,-0.7191486657581333
b,31.568389955686886,0.5,u,g,c,bb,0.835,t,f,0,t,s,00320,0,-,0.03568405126854571,0.2867163363470606,0.002301113176971155
a,22.50,11,y,p,q,v,3,t,f,0,t,g,00268,0,-,0.02543338937048456,0.15384615384615385,-0.7612481606846145
a,28.50,1,u,g,q,v,1,t,t,02,t,g,00167,500,-,0.03221562653594711,0.2417582417582418,-0.2560542215668405
b,37.50,1.75,y,p,c,bb,0.25,t,f,0,t,g,00164,400,-,0.04238898228414093,0.3736263736263737,0.5017366871098206
b,35.25,16.5,y,p,c,v,4,t,f,0,f,g,00080,0,-,0.03984564334709248,0.3406593406593407,0.31228895994065525
b,18.67,5,u,g,q,v,0.375,t,t,02,f,g,00000,38,-,0.021104061313197635,0.09772893772893776,-1.0837302918214602
b,25.00,12,u,g,k,v,2.25,t,t,02,t,g,00120,5,-,0.02825932152276062,0.19047619047619047,-0.5507506860522087
b,27.83,4,y,p,i,h,5.75,t,t,02,t,g,00075,0,-,0.031458276719137125,0.2319413919413919,-0.3124675447683254
b,54.83,15.5,u,g,e,z,0,t,t,20,f,g,00152,130,-,0.061978343963718596,0.6275457875457875,1.9609051812616576
b,28.75,1.165,u,g,k,v,0.5,t,f,0,f,s,00280,0,-,0.032498219751174715,0.24542124542124544,-0.2350044741035999
a,25.00,11,y,p,aa,v,4.5,t,f,0,f,g,00120,0,-,0.02825932152276062,0.19047619047619047,-0.5507506860522087
b,40.92,2.25,y,p,x,h,10,t,f,0,t,g,00176,0,-,0.046254857468454584,0.4237362637362638,0.7896972324069518
a,19.75,0.75,u,g,c,v,0.795,t,t,05,t,g,00140,5,-,0.02232486400298089,0.1135531135531136,-0.9927953827802609
b,29.17,3.5,u,g,w,v,3.5,t,t,03,t,g,00329,0,-,0.032972976352757095,0.2515750915750916,-0.1996408983653556
a,24.50,1.04,y,p,ff,ff,0.5,t,t,03,f,g,00180,147,-,0.027694135092305408,0.18315018315018317,-0.5928501809786898
b,24.58,12.5,u,g,w,v,0.875,t,f,0,t,g,00260,1024.8116788321167,-,0.027784564921178243,0.1843223443223443,-0.586114261790453
a,33.75,0.75,u,g,k,bb,1,t,t,03,t,g,00212,0,-,0.03815008405572684,0.3186813186813187,0.18599047516121175
b,20.67,1.25,y,p,c,h,1.375,t,t,03,t,g,00140,210,-,0.023364807035018482,0.12703296703296707,-0.9153323121155355
a,25.42,1.125,u,g,q,v,1.29,t,t,02,f,g,00200,0,-,0.028734078124343,0.19663003663003664,-0.5153871103139643
b,37.75,7,u,g,q,h,11.5,t,t,07,t,g,00300,5,-,0.042671575499368536,0.37728937728937734,0.5227864345730611
b,52.50,6.5,u,g,k,v,6.29,t,t,15,f,g,00000,11202,+,0.0593445751977973,0.5934065934065935,1.7647215349042555
b,57.83,7.04,u,g,m,v,14,t,t,06,t,g,00360,1332,+,0.06536946254644987,0.6715018315018315,2.2135021508205446
a,20.75,10.335,u,g,cc,h,0.335,t,t,01,t,g,00080,50,+,0.023455236863891317,0.1282051282051282,-0.9085963929272985
b,39.92,6.21,u,g,q,v,0.04,t,t,01,f,g,00200,300,+,0.04512448460754416,0.4090842490842492,0.7054982425539895
b,25.67,12.5,u,g,cc,v,1.21,t,t,67,t,g,00140,258,+,0.02901667133957061,0.20029304029304035,-0.49433736285072377
a,24.75,12.5,u,g,aa,v,1.5,t,t,12,t,g,00120,567,+,0.027976728307533016,0.18681318681318682,-0.5718004335154493
a,44.17,6.665,u,g,q,v,7.375,t,t,03,t,g,00000,0,+,0.04992856926641347,0.47135531135531145,1.0633439494290795
a,23.50,9,u,g,q,v,8.5,t,t,05,t,g,00120,0,+,0.026563762231394984,0.1684981684981685,-0.6770491708316522
b,34.92,5,u,g,x,h,7.5,t,t,06,t,g,00000,1000,+,0.03947262030299204,0.33582417582417584,0.28450329328917784
b,47.67,2.5,u,g,m,bb,2.5,t,t,12,t,g,00410,2510,+,0.053884874279599954,0.5226373626373626,1.3580404139144475
b,22.75,11,u,g,q,v,2.5,t,t,07,t,g,00100,809,+,0.025715982585712165,0.1575091575091575,-0.7401984132213739
b,34.42,4.25,u,g,i,bb,3.25,t,t,02,f,g,00274,610,+,0.038907433872536826,0.32849816849816854,0.24240379836269665
a,28.42,3.5,u,g,w,v,0.835,t,f,0,f,s,00280,0,+,0.032125196707074276,0.2405860805860806,-0.26279014075507734
b,67.75,5.5,u,g,e,z,13,t,t,01,t,g,00000,0,+,0.07658276132668128,0.8168498168498168,3.048756130161931
b,20.42,1.835,u,g,c,v,2.25,t,t,01,f,g,00100,150,+,0.02308221381979088,0.12336996336996342,-0.936382059578776
a,47.42,8,u,g,e,bb,6.5,t,t,06,f,g,00375,51100,+,0.05360228106437235,0.518974358974359,1.336990666451207
b,36.25,5,u,g,c,bb,2.5,t,t,06,f,g,00000,367,+,0.040976016208002904,0.3553113553113553,0.39648794979361757
b,32.67,5.5,u,g,q,h,5.5,t,t,12,t,g,00408,1000,+,0.03692928136594358,0.3028571428571429,0.09505556612001258
b,48.58,6.5,u,g,q,h,6,t,f,0,t,g,00350,0,+,0.054913513583028435,0.535970695970696,1.434661494680643
b,39.92,0.54,y,p,aa,v,0.5,t,t,03,f,g,00200,1000,+,0.04512448460754416,0.4090842490842492,0.7054982425539895
b,33.58,2.75,u,g,m,v,4.25,t,t,06,f,g,00204,0,+,0.037957920669372064,0.3161904761904762,0.171676646886208
a,18.83,9.5,u,g,w,v,1.625,t,t,06,t,g,00040,600,+,0.021284920970943297,0.10007326007326006,-1.0702584534449864
a,26.92,13.5,u,g,q,h,5,t,t,02,f,g,00000,5000,+,0.03042963741570864,0.21860805860805865,-0.38908862553452084
a,31.25,3.75,u,g,cc,h,0.625,t,t,09,t,g,00181,0,+,0.03532415190345078,0.28205128205128205,-0.024506999471194075
a,56.50,16,u,g,j,ff,0,t,t,15,f,g,00000,247,+,0.063866066641439,0.6520146520146519,2.101517494316105
b,43.00,0.,y,p,cc,h,1.75,t,t,08,f,g,00100,375,+,0.048606033019148266,0.4542124542124542,0.9648311313011133
b,22.33,11,u,g,w,v,2,t,t,01,f,g,00080,278,+,0.025241225984129784,0.15135531135531133,-0.7755619889596183
b,27.25,1.665,u,g,cc,h,5.085,t,t,09,f,g,00399,827,+,0.03080266045980908,0.22344322344322348,-0.3613029588830434
b,32.83,2.5,u,g,cc,h,2.75,t,t,06,f,g,00160,2072,+,0.037110141023689244,0.3052014652014652,0.10852740449648626
b,23.25,1.5,u,g,q,v,2.375,t,t,03,t,g,00000,582,+,0.026281169016167377,0.16483516483516486,-0.6980989182948928
a,40.33,7.54,y,p,q,h,8,t,t,14,f,g,00000,2300,+,0.04558793748051743,0.41509157509157507,0.7400198283937037
a,30.50,6.5,u,g,c,bb,4,t,t,07,t,g,00000,3065,+,0.03447637225776796,0.2710622710622711,-0.08765624186091582
a,52.83,15,u,g,c,v,5.5,t,t,14,f,g,00000,2200,+,0.05971759824189774,0.5982417582417583,1.7925072015557328
a,46.67,0.46,u,g,cc,h,0.415,t,t,11,t,g,00440,6,+,0.05275450141868953,0.507985347985348,1.2738414240614853
a,58.33,10,u,g,q,v,4,t,t,14,f,g,00000,1602,+,0.06593464897690508,0.6788278388278388,2.2556016457470256
b,37.33,6.5,u,g,m,h,4.25,t,t,12,t,g,00093,0,+,0.042196818897786155,0.37113553113553116,0.4874228588348168
b,23.08,2.5,u,g,c,v,1.085,t,t,11,t,g,00060,2184,+,0.026089005629812603,0.16234432234432233,-0.7124127465698965
b,32.75,1.5,u,g,cc,h,5.5,t,t,03,t,g,00000,0,+,0.03701971119481642,0.30402930402930406,0.10179148530824943
b,21.67,11.5,y,p,j,j,0,t,t,11,t,g,00000,0,+,0.02449517989592891,0.14168498168498173,-0.8311333222625731
a,28.50,3.04,y,p,x,h,2.54,t,t,01,f,g,00070,0,+,0.03221562653594711,0.2417582417582418,-0.2560542215668405
a,68.67,15,u,g,e,z,0,t,t,14,f,g,00000,3376,+,0.07762270435871887,0.8303296703296703,3.1262192008266565
b,28.00,2,u,g,k,h,4.165,t,02,t,g,00181,0,+,-,0.031650440105491895,0.23443223443223443,-0.2981537164933217
b,34.08,0.08,y,p,m,bb,0.04,t,t,01,t,g,00280,2000,+,0.03852310709982728,0.3235164835164835,0.2137761418126892
b,27.67,2,u,g,x,h,1,t,t,04,f,g,00140,7544,+,0.031277417061391456,0.22959706959706966,-0.3259393831447991
b,44.00,2,u,g,m,v,1.75,t,t,02,t,g,00000,15,+,0.0497364058800587,0.4688644688644689,1.0490301211540756
b,25.08,1.71,u,g,x,v,1.665,t,t,01,t,g,00395,20,+,0.028349751351633454,0.19164835164835164,-0.5440147668639718
b,32.00,1.75,y,p,e,h,0.04,t,f,0,t,g,00393,0,+,0.0361719315491336,0.29304029304029305,0.03864224291852767
a,60.58,16.5,u,g,q,v,11,t,f,0,t,g,00021,10561,+,0.06847798791395354,0.7117948717948719,2.445049372916191
a,40.83,10,u,g,q,h,1.75,t,f,0,f,g,00029,837,+,0.04615312391097264,0.42241758241758237,0.782119323320185
b,19.33,9.5,u,g,q,v,1,t,f,0,t,g,00060,400,+,0.021850107401398512,0.10739926739926736,-1.0281589585185051
a,32.33,0.54,u,g,cc,v,0.04,t,f,0,f,g,00440,11177,+,0.036544954593234036,0.2978754578754579,0.0664279095700051
b,36.67,3.25,u,g,q,h,9,t,f,0,t,g,00102,639,+,0.041450772809585285,0.3614652014652015,0.4318515255318619
b,37.50,1.125,y,p,d,v,1.5,f,f,0,t,g,00431,0,+,0.04238898228414093,0.3736263736263737,0.5017366871098206
a,25.08,2.54,y,p,aa,v,0.25,t,f,0,t,g,00370,0,+,0.028349751351633454,0.19164835164835164,-0.5440147668639718
b,41.33,0,u,g,c,bb,15,t,f,0,f,g,00000,0,+,0.04671831034142786,0.4297435897435898,0.8242188182466661
b,56.00,12.5,u,g,k,h,8,t,f,0,t,g,00024,2028,+,0.06330088021098379,0.6446886446886446,2.0594179993896238
a,49.83,13.585,u,g,k,h,8.5,t,f,0,t,g,00000,0,+,0.05632647965916647,0.5542857142857143,1.5399102319968458
b,22.67,10.5,u,g,q,h,1.335,t,f,0,f,g,00100,0,+,0.025625552756839334,0.15633699633699638,-0.7469343324096107
b,27.00,1.5,y,p,w,v,0.375,t,f,0,t,g,00260,1065,+,0.03052006724458147,0.21978021978021978,-0.382352706346284
b,25.00,12.5,u,g,aa,v,3,t,f,0,t,s,00020,0,+,0.02825932152276062,0.19047619047619047,-0.5507506860522087
a,26.08,8.665,u,g,aa,v,1.415,t,f,0,f,g,00160,150,+,0.029480124212543878,0.2063003663003663,-0.4598157770110095
a,18.42,9.25,u,g,q,v,1.21,t,t,04,f,g,00060,540,+,0.020821468097970027,0.09406593406593411,-1.1047800392847007
b,20.17,8.17,u,g,aa,v,1.96,t,t,14,f,g,00060,158,+,0.02279962060456327,0.11970695970695977,-0.9574318070420166
b,47.67,0.29,u,g,c,bb,15,t,t,20,f,g,00000,15000,+,0.053884874279599954,0.5226373626373626,1.3580404139144475
a,21.25,2.335,u,g,i,bb,0.5,t,t,04,f,s,00080,0,+,0.02402042329434653,0.13553113553113555,-0.8664968980008174
a,20.67,3,u,g,q,v,0.165,t,t,03,f,g,00100,6,+,0.023364807035018482,0.12703296703296707,-0.9153323121155355
a,57.08,19.5,u,g,c,v,5.5,t,t,07,f,g,00000,3000,+,0.06452168290076706,0.6605128205128206,2.150352908430823
a,22.42,5.665,u,g,q,v,2.585,t,t,07,f,g,00129,3257,+,0.025342959541611726,0.15267399267399273,-0.7679840798728513
b,48.75,8.5,u,g,c,h,12.5,t,t,09,f,g,00181,1655,+,0.05510567696938321,0.5384615384615385,1.4489753229556468
b,40.00,6.5,u,g,aa,bb,3.5,t,t,01,f,g,00000,500,+,0.045214914436416995,0.4102564102564103,0.7122341617422263
b,40.58,5,u,g,c,v,5,t,t,07,f,g,00000,3065,+,0.04587053069574504,0.4187545787545787,0.7610695758569443
a,28.67,1.04,u,g,c,v,2.5,t,t,05,t,g,00300,1430,+,0.03240778992230188,0.24424908424908431,-0.24174039329183675
a,33.08,4.625,u,g,q,h,1.625,t,t,02,f,g,00000,0,+,0.037392734238916855,0.30886446886446883,0.12957715195972686
b,21.33,10.5,u,g,c,v,3,t,f,0,t,g,00000,0,+,0.02411085312321936,0.13670329670329667,-0.8597609788125805
b,42.00,0.205,u,g,i,h,5.125,t,f,0,f,g,00400,0,+,0.04747566015823784,0.4395604395604396,0.880632141448151
b,41.75,0.96,u,g,x,v,2.5,t,f,0,f,g,00510,600,+,0.04719306694301024,0.43589743589743596,0.8595823939849104
b,22.67,1.585,y,p,w,v,3.085,t,t,06,f,g,00080,0,+,0.025625552756839334,0.15633699633699638,-0.7469343324096107
b,34.50,4.04,y,p,i,bb,8.5,t,t,07,t,g,00195,0,+,0.03899786370140966,0.32967032967032966,0.2491397175509335
b,28.25,5.04,y,p,c,bb,1.5,t,t,08,t,g,00144,7,+,0.0319330333207195,0.23809523809523808,-0.27710396903008105
b,33.17,3.165,y,p,x,v,3.165,t,t,03,t,g,00380,0,+,0.0374944677963988,0.31018315018315024,0.13715506104649375
b,48.17,7.625,u,g,w,h,15.5,t,t,12,f,g,00000,790,+,0.05445006071005517,0.5299633699633699,1.4001399088409288
b,27.58,2.04,y,p,aa,v,2,t,t,03,t,g,00370,560,+,0.031175683503909517,0.22827838827838826,-0.333517292231566
b,22.58,10.04,u,g,x,v,0.04,t,t,09,f,g,00060,396,+,0.02552381919935739,0.15501831501831503,-0.7545122414963776
a,24.08,0.5,u,g,q,h,1.25,t,t,01,f,g,00000,678,+,0.027219378490723027,0.176996336996337,-0.6282137567169341
a,41.33,1,u,g,i,bb,2.25,t,f,0,t,g,00000,300,+,0.04671831034142786,0.4297435897435898,0.8242188182466661
b,24.83,2.75,u,g,c,v,2.25,t,t,06,f,g,183.67555555555555,600,+,0.028067158136405847,0.187985347985348,-0.5650645143272124
a,20.75,10.25,u,g,q,v,0.71,t,t,02,t,g,00049,0,+,0.023455236863891317,0.1282051282051282,-0.9085963929272985
b,36.33,2.125,y,p,w,v,0.085,t,t,01,f,g,00050,1187,+,0.04106644603687573,0.35648351648351645,0.4032238689818544
a,35.42,12,u,g,q,h,14,t,t,08,f,g,00000,6590,+,0.04003780673344725,0.34315018315018314,0.326602788215659
a,71.58,0,u,g,c,v,0,f,f,0,f,p,183.67555555555555,0,+,0.08091208938396821,0.8729670329670329,3.371238261298777
b,28.67,9.335,u,g,q,h,5.665,t,t,06,f,g,00381,168,+,0.03240778992230188,0.24424908424908431,-0.24174039329183675
b,35.17,2.5,u,g,k,v,4.5,t,t,07,f,g,00150,1270,+,0.039755213518219645,0.3394871794871795,0.3055530407524184
b,39.50,4.25,u,g,c,bb,6.5,t,t,16,f,g,00117,1210,+,0.04464972800596178,0.402930402930403,0.6701346668157452
b,39.33,5.875,u,g,cc,h,10,t,t,14,t,g,00399,0,+,0.04445756461960701,0.40043956043956047,0.6558208385407415
b,24.33,6.625,y,p,d,v,5.5,t,f,0,t,s,00100,0,+,0.027501971705950635,0.18065934065934064,-0.6071640092536935
b,60.08,14.5,u,g,ff,ff,18,t,t,15,t,g,00000,1000,+,0.06791280148349832,0.7044688644688644,2.40294987798971
b,23.08,11.5,u,g,i,v,3.5,t,t,09,f,g,00056,742,+,0.026089005629812603,0.16234432234432233,-0.7124127465698965
b,26.67,2.71,y,p,cc,v,5.25,t,t,01,f,g,00211,0,+,0.030147044200481032,0.214945054945055,-0.4101383729977614
b,48.17,3.5,u,g,aa,v,3.5,t,f,0,f,s,00230,0,+,0.05445006071005517,0.5299633699633699,1.4001399088409288
b,41.17,4.04,u,g,cc,h,7,t,t,08,f,g,00320,0,+,0.046537450683682195,0.4273992673992674,0.8107469798701924
b,55.92,11.5,u,g,ff,ff,5,t,t,05,f,g,00000,8851,+,0.06321045038211096,0.6435164835164835,2.0526820802013868
b,53.92,9.625,u,g,e,v,8.665,t,t,05,f,g,00000,0,+,0.06094970466029011,0.6142124542124543,1.8842841004954622
a,18.92,9.25,y,p,c,v,1,t,t,04,t,g,00080,500,+,0.02138665452842524,0.10139194139194141,-1.0626805443582195
a,50.08,12.54,u,g,aa,v,2.29,t,t,03,t,g,00156,0,+,0.056609072874394074,0.5579487179487179,1.5609599794600866
b,65.42,11,u,g,e,z,20,t,t,07,t,g,00022,0,+,0.07394899256076,0.7827106227106226,2.852572483804529
a,17.58,9,u,g,aa,v,1.375,t,f,0,t,g,00000,0,+,0.01987195489480527,0.08175824175824176,-1.1755071907611894
a,18.83,9.54,u,g,aa,v,0.085,t,f,0,f,g,00100,0,+,0.021284920970943297,0.10007326007326006,-1.0702584534449864
a,37.75,5.5,u,g,q,v,0.125,t,f,0,t,g,00228,0,+,0.042671575499368536,0.37728937728937734,0.5227864345730611
b,23.25,4,u,g,c,bb,0.25,t,f,0,t,g,00160,0,+,0.026281169016167377,0.16483516483516486,-0.6980989182948928
b,18.08,5.5,u,g,k,v,0.5,t,f,0,f,g,00080,0,+,0.02043714132526048,0.08908424908424906,-1.1334076958347081
a,22.50,8.46,y,p,x,v,2.46,f,f,0,f,g,00164,0,+,0.02543338937048456,0.15384615384615385,-0.7612481606846145
b,19.67,0.375,u,g,q,v,2,t,t,02,t,g,00080,0,+,0.02223443417410806,0.11238095238095241,-0.9995313019684977
b,22.08,11,u,g,cc,v,0.665,t,f,0,f,g,00100,0,+,0.02495863276890218,0.14769230769230768,-0.7966117364228588
b,25.17,3.5,u,g,cc,v,0.625,t,t,07,f,g,00000,7059,+,0.028451484909115397,0.192967032967033,-0.536436857777205
a,47.42,3,u,g,x,v,13.875,t,t,02,t,g,00519,1704,+,0.05360228106437235,0.518974358974359,1.336990666451207
b,33.50,1.75,u,g,x,h,4.5,t,t,04,t,g,00253,857,+,0.03786749084049923,0.315018315018315,0.16494072769797116
b,27.67,13.75,u,g,w,v,5.75,t,f,0,t,g,00487,500,+,0.031277417061391456,0.22959706959706966,-0.3259393831447991
a,58.42,21,u,g,i,bb,10,t,t,13,f,g,00000,6700,+,0.06603638253438703,0.6801465201465202,2.2631795548337927
a,20.67,1.835,u,g,q,v,2.085,t,t,05,f,g,00220,2503,+,0.023364807035018482,0.12703296703296707,-0.9153323121155355
b,26.17,0.25,u,g,i,bb,0,t,f,0,t,g,00000,0,+,0.02958185777002582,0.20761904761904765,-0.4522378679242426
b,21.33,7.5,u,g,aa,v,1.415,t,t,01,f,g,00080,9800,+,0.02411085312321936,0.13670329670329667,-0.8597609788125805
b,42.83,4.625,u,g,q,v,4.58,t,f,0,f,s,00000,0,-,+, +++++,0.048413869632793496,0.4517216117216117,0.9505173030261096
b,38.17,10.125,u,g,x,v,2.5,t,t,06,f,g,00520,196,+,0.04314633210095092,0.3834432234432235,0.5581500103113054
b,20.50,10,y,p,c,v,2.5,t,f,0,f,s,00040,0,+,0.02317264364866371,0.12454212454212454,-0.9296461403905392
b,48.25,25.085,u,g,w,v,1.75,t,t,03,f,g,00120,14,+,0.054540490538927996,0.5311355311355312,1.4068758280291656
b,28.33,5,u,g,w,v,11,t,f,0,t,g,00070,0,+,0.032023463149592334,0.23926739926739926,-0.27036804984184426
a,18.75,7.5,u,g,q,v,2.71,t,t,05,f,g,183.67555555555555,26726,+,0.021194491142070466,0.09890109890109894,-1.0769943726332232
b,18.50,2,u,g,i,v,1.5,t,t,02,f,g,00120,300,+,0.02091189792684286,0.09523809523809523,-1.098044120096464
b,33.17,3.04,y,p,c,h,2.04,t,t,01,t,g,00180,18027,+,0.0374944677963988,0.31018315018315024,0.13715506104649375
b,45.00,8.5,u,g,cc,h,14,t,t,01,t,g,00088,2000,+,0.05086677874096912,0.4835164835164835,1.133229111007038
a,19.67,0.21,u,g,q,h,0.29,t,t,11,f,g,00080,99,+,0.02223443417410806,0.11238095238095241,-0.9995313019684977
b,24.50,12.75,u,g,c,bb,4.75,t,t,02,f,g,00073,444,+,0.027694135092305408,0.18315018315018317,-0.5928501809786898
b,21.83,11,u,g,x,v,0.29,t,t,06,f,g,00121,0,+,0.024676039553674572,0.14402930402930403,-0.8176614838860994
b,40.25,21.5,u,g,e,z,20,t,t,11,f,g,00000,1200,+,0.0454975076516446,0.41391941391941395,0.7332839092054669
b,41.42,5,u,g,q,h,5,t,t,06,t,g,00470,0,+,0.0468200438989098,0.4310622710622711,0.831796727333433
a,17.83,11,u,g,x,h,1,t,t,11,f,g,00000,3000,+,0.020154548110032873,0.0854212454212454,-1.1544574432979486
b,23.17,11.125,u,g,x,h,0.46,t,t,01,f,g,00100,0,+,0.026190739187294546,0.16366300366300368,-0.7048348374831296
b,31.568389955686886,0.625,u,g,k,v,0.25,f,f,0,f,g,00380,2010,-,0.03568405126854571,0.2867163363470606,0.002301113176971155
b,18.17,10.25,u,g,c,h,1.085,f,f,0,f,g,00320,13,-,0.020538874882742423,0.09040293040293046,-1.1258297867479412
b,20.00,11.045,u,g,c,v,2,f,f,0,t,g,00136,0,-,0.022607457218208497,0.11721611721611724,-0.9717456353170203
b,20.00,0,u,g,d,v,0.5,f,f,0,f,g,00144,0,-,0.022607457218208497,0.11721611721611724,-0.9717456353170203
a,20.75,9.54,u,g,i,v,0.04,f,f,0,f,g,00200,1000,-,0.023455236863891317,0.1282051282051282,-0.9085963929272985
a,24.50,1.75,y,p,c,v,0.165,f,f,0,f,g,00132,0,-,0.027694135092305408,0.18315018315018317,-0.5928501809786898
b,32.75,2.335,u,g,d,h,5.75,f,f,0,t,g,00292,0,-,0.03701971119481642,0.30402930402930406,0.10179148530824943
a,52.17,0,y,p,ff,ff,0,f,f,0,f,g,00000,0,-,0.058971552153696864,0.5885714285714285,1.736935868252778
a,48.17,1.335,u,g,i,o,0.335,f,f,0,f,g,00000,120,-,0.05445006071005517,0.5299633699633699,1.4001399088409288
a,20.42,10.5,y,p,x,h,0,f,f,0,t,g,00154,32,-,0.02308221381979088,0.12336996336996342,-0.936382059578776
b,50.75,0.585,u,g,ff,ff,0,f,f,0,f,g,00145,0,-,0.05736642269120406,0.5677655677655677,1.6173733026615715
b,17.08,0.085,y,p,c,v,0.04,f,f,0,f,g,00140,722,-,0.019306768464350053,0.0744322344322344,-1.2176066856876704
b,18.33,1.21,y,p,e,dd,0,f,f,0,f,g,00100,0,-,0.020719734540488085,0.09274725274725276,-1.1123579483714676
a,32.00,6,u,g,d,v,1.25,f,f,0,f,g,00272,0,-,0.0361719315491336,0.29304029304029305,0.03864224291852767
b,59.67,1.54,u,g,q,v,0.125,t,f,0,t,g,00260,0,+,0.06744934861052505,0.6984615384615385,2.3684282921499955
b,18.00,0.165,u,g,q,n,0.21,f,f,0,f,g,00200,40,+,0.020346711496387646,0.08791208791208793,-1.140143615022945
b,37.58,0,u,g,c,v,0,f,f,0,f,p,183.67555555555555,0,+,0.042479412113013766,0.3747985347985348,0.5084726062980574
b,32.33,2.5,u,g,c,v,1.25,f,f,0,t,g,00280,0,-,0.036544954593234036,0.2978754578754579,0.0664279095700051
b,18.08,6.75,y,p,m,v,0.04,f,f,0,f,g,00140,0,-,0.02043714132526048,0.08908424908424906,-1.1334076958347081
b,38.25,10.125,y,p,k,v,0.125,f,f,0,f,g,00160,0,-,0.04323676192982375,0.38461538461538464,0.5648859294995423
b,30.67,2.5,u,g,cc,h,2.25,f,f,0,t,s,00340,0,-,0.034668535644122735,0.27355311355311357,-0.07334241358591209
b,18.58,5.71,u,g,d,v,0.54,f,f,0,f,g,00120,0,-,0.021002327755715693,0.09641025641025641,-1.0913082009082269
a,19.17,5.415,u,g,i,h,0.29,f,f,0,f,g,00080,484,-,0.021669247743652847,0.10505494505494511,-1.041630796894979
a,18.17,10,y,p,q,h,0.165,f,f,0,f,g,00340,0,-,0.020538874882742423,0.09040293040293046,-1.1258297867479412
b,24.58,13.5,y,p,ff,ff,0,f,f,0,f,g,183.67555555555555,0,-,0.027784564921178243,0.1843223443223443,-0.586114261790453
b,16.25,0.835,u,g,m,v,0.085,t,f,0,f,s,00200,0,-,0.018368558989794403,0.06227106227106227,-1.2874918472656292
b,21.17,0.875,y,p,c,h,0.25,f,f,0,f,g,00280,204,-,0.023929993465473698,0.13435897435897437,-0.8732328171890542
b,23.92,0.585,y,p,cc,h,0.125,f,f,0,f,g,00240,1,-,0.027038518832977365,0.1746520146520147,-0.6416855950934078
b,17.67,4.46,u,g,c,v,0.25,f,f,0,f,s,00080,0,-,0.019973688452287208,0.0830769230769231,-1.1679292816744224
a,16.50,1.25,u,g,q,v,0.25,f,t,01,f,g,00108,98,-,0.01865115220502201,0.06593406593406595,-1.2664420998023884
b,23.25,12.625,u,g,c,v,0.125,f,t,02,f,g,00000,5552,-,0.026281169016167377,0.16483516483516486,-0.6980989182948928
b,17.58,10,u,g,w,h,0.165,f,t,01,f,g,00120,1,-,0.01987195489480527,0.08175824175824176,-1.1755071907611894
a,31.568389955686886,1.5,u,g,ff,ff,0,f,t,02,t,g,00200,105,-,0.03568405126854571,0.2867163363470606,0.002301113176971155
b,29.50,0.58,u,g,w,v,0.29,f,t,01,f,g,00340,2803,-,0.033345999396857534,0.25641025641025644,-0.17185523171387815
b,18.83,0.415,y,p,c,v,0.165,f,t,01,f,g,00200,1,-,0.021284920970943297,0.10007326007326006,-1.0702584534449864
a,21.75,1.75,y,p,j,j,0,f,f,0,f,g,00160,0,-,0.02458560972480174,0.14285714285714285,-0.8243974030743363
b,23.00,0.75,u,g,m,v,0.5,f,f,0,t,s,00320,0,-,0.025998575800939772,0.1611721611721612,-0.7191486657581333
a,18.25,10,u,g,w,v,1,f,t,01,f,g,00120,1,-,0.020629304711615254,0.09157509157509158,-1.1190938675597044
b,25.42,0.54,u,g,w,v,0.165,f,t,01,f,g,00272,444,-,0.028734078124343,0.19663003663003664,-0.5153871103139643
b,35.75,2.415,u,g,w,v,0.125,f,t,02,f,g,00220,1,-,0.04041082977754769,0.347985347985348,0.35438845486713644
a,16.08,0.335,u,g,ff,ff,0,f,t,01,f,g,00160,126,-,0.01817639560343963,0.05978021978021977,-1.3018056755406329
a,31.92,3.125,u,g,ff,ff,3.04,f,t,02,t,g,00200,4,-,0.03608150172026076,0.29186813186813193,0.03190632373029083
b,69.17,9,u,g,ff,ff,4,f,t,01,f,g,00070,6,-,0.07818789078917408,0.8376556776556776,3.168318695753138
b,32.92,2.5,u,g,aa,v,1.75,f,t,02,t,g,00720,0,-,0.037211874581171187,0.3065201465201466,0.11610531358325317
b,16.33,2.75,u,g,aa,v,0.665,f,t,01,f,g,00080,21,-,0.018458988818667237,0.06344322344322342,-1.2807559280773921
b,22.17,12.125,u,g,c,v,3.335,f,t,02,t,g,00180,173,-,0.02506036632638412,0.14901098901098903,-0.789033827336092
a,57.58,2,u,g,ff,ff,6.5,f,t,01,f,g,00000,10,-,0.06508686933122226,0.6678388278388279,2.192452403357304
b,18.25,0.165,u,g,d,v,0.25,f,f,0,t,s,00280,0,-,0.020629304711615254,0.09157509157509158,-1.1190938675597044
b,23.42,1,u,g,c,v,0.5,f,f,0,t,s,00280,0,-,0.026473332402522153,0.1673260073260074,-0.683785090019889
a,15.92,2.875,u,g,q,v,0.085,f,f,0,f,g,00120,0,-,0.017995535945693964,0.05743589743589744,-1.3152775139171067
a,24.75,13.665,u,g,q,h,1.5,f,f,0,f,g,00280,1,-,0.027976728307533016,0.18681318681318682,-0.5718004335154493
b,48.75,26.335,y,p,ff,ff,0,t,f,0,t,g,00000,0,-,0.05510567696938321,0.5384615384615385,1.4489753229556468
b,23.50,2.75,u,g,ff,ff,4.5,f,f,0,f,g,00160,25,-,0.026563762231394984,0.1684981684981685,-0.6770491708316522
b,18.58,10.29,u,g,ff,ff,0.415,f,f,0,f,g,00080,0,-,0.021002327755715693,0.09641025641025641,-1.0913082009082269
b,27.75,1.29,u,g,k,h,0.25,f,f,0,t,s,00140,0,-,0.03136784689026429,0.23076923076923078,-0.31920346395656224
a,31.75,3,y,p,j,j,0,f,f,0,f,g,00160,20,-,0.035889338333905986,0.2893772893772894,0.01759249545528709
a,24.83,4.5,u,g,w,v,1,f,f,0,t,g,00360,6,-,0.028067158136405847,0.187985347985348,-0.5650645143272124
b,19.00,1.75,y,p,c,v,2.335,f,f,0,t,g,00112,6,-,0.021477084357298074,0.10256410256410259,-1.0559446251699827
a,16.33,0.21,u,g,aa,v,0.125,f,f,0,f,g,00200,1,-,0.018458988818667237,0.06344322344322342,-1.2807559280773921
a,18.58,10,u,g,d,v,0.415,f,f,0,f,g,00080,42,-,0.021002327755715693,0.09641025641025641,-1.0913082009082269
b,16.25,0,y,p,aa,v,0.25,f,f,0,f,g,00060,0,-,0.018368558989794403,0.06227106227106227,-1.2874918472656292
b,23.00,0.75,u,g,m,v,0.5,t,f,0,t,s,00320,0,-,0.025998575800939772,0.1611721611721612,-0.7191486657581333
b,21.17,0.25,y,p,c,h,0.25,f,f,0,f,g,00280,204,-,0.023929993465473698,0.13435897435897437,-0.8732328171890542
b,17.50,22,l,gg,ff,o,0,f,f,0,t,p,00450,100000,+,0.019781525065932434,0.08058608058608058,-1.1822431099494262
b,19.17,0,y,p,m,bb,0,f,f,0,t,s,00500,1,+,0.021669247743652847,0.10505494505494511,-1.041630796894979
b,36.75,0.125,y,p,c,v,1.5,f,f,0,t,g,00232,113,+,0.04154120263845811,0.3626373626373626,0.43858744472009875
b,21.25,1.5,u,g,w,v,1.5,f,f,0,f,g,00150,8,+,0.02402042329434653,0.13553113553113555,-0.8664968980008174
a,18.08,0.375,l,gg,cc,ff,10,f,f,0,t,s,00300,0,+,0.02043714132526048,0.08908424908424906,-1.1334076958347081
a,33.67,0.375,u,g,cc,v,0.375,f,f,0,f,g,00300,44,+,0.038059654226854006,0.31750915750915754,0.1792545559729749
b,48.58,0.205,y,p,k,v,0.25,t,t,11,f,g,00380,2732,+,0.054913513583028435,0.535970695970696,1.434661494680643
b,33.67,1.25,u,g,w,v,1.165,f,f,0,f,g,00120,0,-,0.038059654226854006,0.31750915750915754,0.1792545559729749
a,29.50,1.085,y,p,x,v,1,f,f,0,f,g,00280,13,-,0.033345999396857534,0.25641025641025644,-0.17185523171387815
b,30.17,1.085,y,p,c,v,0.04,f,f,0,f,g,00170,179,-,0.03410334921366752,0.26622710622710627,-0.11544190851239325
b,40.83,3.5,u,g,i,bb,0.5,f,f,0,f,s,01160,0,-,0.04615312391097264,0.42241758241758237,0.782119323320185
b,34.83,2.5,y,p,w,v,3,f,f,0,f,s,00200,0,-,0.0393708867455101,0.33450549450549455,0.2769253842024109
b,31.568389955686886,4,y,p,i,v,0.085,f,f,0,t,g,00411,0,-,0.03568405126854571,0.2867163363470606,0.002301113176971155
b,20.42,0,u,g,c,v,0,f,f,0,f,p,183.67555555555555,0,-,0.02308221381979088,0.12336996336996342,-0.936382059578776
a,33.25,2.5,y,p,c,v,2.5,f,f,0,t,g,00000,2,-,0.037584897625271625,0.31135531135531136,0.1438909802347306
b,34.08,2.5,u,g,c,v,1,f,f,0,f,g,00460,16,-,0.03852310709982728,0.3235164835164835,0.2137761418126892
a,25.25,12.5,u,g,d,v,1,f,f,0,t,g,00180,1062,-,0.028541914737988228,0.19413919413919417,-0.529700938588968
b,34.75,2.5,u,g,cc,bb,0.5,f,f,0,f,g,00348,0,-,0.039280456916637264,0.3333333333333333,0.27018946501417407
b,27.67,0.75,u,g,q,h,0.165,f,f,0,t,g,00220,251,-,0.031277417061391456,0.22959706959706966,-0.3259393831447991
b,47.33,6.5,u,g,c,v,1,f,f,0,t,g,00000,228,-,0.05350054750689041,0.5176556776556775,1.32941275736444
a,34.83,1.25,y,p,i,h,0.5,f,f,0,t,g,00160,0,-,0.0393708867455101,0.33450549450549455,0.2769253842024109
a,33.25,3,y,p,aa,v,2,f,f,0,f,g,00180,0,-,0.037584897625271625,0.31135531135531136,0.1438909802347306
b,28.00,3,u,g,w,v,0.75,f,f,0,t,g,00300,67,-,0.031650440105491895,0.23443223443223443,-0.2981537164933217
a,39.08,4,u,g,c,v,3,f,f,0,f,g,00480,0,-,0.0441749714043794,0.3967765567765567,0.6347710910775008
b,42.75,4.085,u,g,aa,v,0.04,f,f,0,f,g,00108,100,-,0.04832343980392066,0.45054945054945056,0.9437813838378728
b,26.92,2.25,u,g,i,bb,0.5,f,f,0,t,g,00640,4000,-,0.03042963741570864,0.21860805860805865,-0.38908862553452084
b,33.75,2.75,u,g,i,bb,0,f,f,0,f,g,00180,0,-,0.03815008405572684,0.3186813186813187,0.18599047516121175
b,38.92,1.75,u,g,k,v,0.5,f,f,0,t,g,00300,2,-,0.043994111746633736,0.39443223443223446,0.6212992527010271
b,62.75,7,u,g,e,z,0,f,f,0,f,g,00000,12,-,0.07093089702212917,0.7435897435897436,2.6277611808971195
b,32.25,1.5,u,g,c,v,0.25,f,f,0,t,g,00372,122,-,0.0364545247643612,0.2967032967032967,0.059691990381768256
b,26.75,4.5,y,p,c,bb,2.5,f,f,0,f,g,00200,1210,-,0.030237474029353863,0.21611721611721613,-0.40340245380952455
b,63.33,0.54,u,g,c,v,0.585,t,t,03,t,g,00180,0,-,0.07158651328145721,0.752087912087912,2.6765965950118376
b,27.83,1.5,u,g,w,v,2.25,f,t,01,t,g,00100,3,-,0.031458276719137125,0.2319413919413919,-0.3124675447683254
a,26.17,2,u,g,j,j,0,f,f,0,t,g,00276,1,-,0.02958185777002582,0.20761904761904765,-0.4522378679242426
b,22.17,0.585,y,p,ff,ff,0,f,f,0,f,g,00100,0,-,0.02506036632638412,0.14901098901098903,-0.789033827336092
b,22.50,11.5,y,p,m,v,1.5,f,f,0,t,g,00000,4000,-,0.02543338937048456,0.15384615384615385,-0.7612481606846145
b,30.75,1.585,u,g,d,v,0.585,f,f,0,t,s,00000,0,-,0.03475896547299556,0.27472527472527475,-0.06660649439767524
b,36.67,2,u,g,i,v,0.25,f,f,0,t,g,00221,0,-,0.041450772809585285,0.3614652014652015,0.4318515255318619
a,16.00,0.165,u,g,aa,v,1,f,t,02,t,g,00320,1,-,0.0180859657745668,0.05860805860805862,-1.3085415947288697
b,41.17,1.335,u,g,d,v,0.165,f,f,0,f,g,00168,0,-,0.046537450683682195,0.4273992673992674,0.8107469798701924
a,19.50,0.165,u,g,q,v,0.04,f,f,0,t,g,00380,0,-,0.022042270787753285,0.10989010989010989,-1.0138451302435014
b,32.42,3,u,g,d,v,0.165,f,f,0,t,g,00120,0,-,0.03664668815071598,0.29919413919413923,0.074005818656772
a,36.75,4.71,u,g,ff,ff,0,f,f,0,f,g,00160,0,-,0.04154120263845811,0.3626373626373626,0.43858744472009875
a,30.25,5.5,u,g,k,v,5.5,f,f,0,t,s,00100,0,-,0.034193779042540354,0.2673992673992674,-0.10870598932415641
b,23.08,2.5,u,g,ff,ff,0.085,f,f,0,t,g,00100,4208,-,0.026089005629812603,0.16234432234432233,-0.7124127465698965
b,26.83,0.54,u,g,k,ff,0,f,f,0,f,g,00100,0,-,0.030327903858226698,0.2172893772893773,-0.39666653462128776
b,16.92,0.335,y,p,k,v,0.29,f,f,0,f,s,00200,0,-,0.01912590880660439,0.07208791208791213,-1.2310785240641442
b,24.42,2,u,g,e,dd,0.165,f,t,02,f,g,00320,1300,-,0.027603705263432577,0.18197802197802204,-0.5995861001669267
b,42.83,1.25,u,g,m,v,13.875,f,t,01,t,g,00352,112,-,0.048413869632793496,0.4517216117216117,0.9505173030261096
a,22.75,6.165,u,g,aa,v,0.165,f,f,0,f,g,00220,1000,-,0.025715982585712165,0.1575091575091575,-0.7401984132213739
b,39.42,1.71,y,p,m,v,0.165,f,f,0,f,s,00400,0,-,0.04455929817708895,0.40175824175824176,0.6633987476275083
a,23.58,11.5,y,p,k,h,3,f,f,0,t,g,00020,16,-,0.026654192060267815,0.16967032967032963,-0.6703132516434153
b,21.42,0.75,y,p,r,n,0.75,f,f,0,t,g,00132,2,-,0.024212586680701302,0.13802197802197808,-0.8521830697258137
b,33.00,2.5,y,p,w,v,7,f,f,0,t,g,00280,0,-,0.03730230441004402,0.3076923076923077,0.12284123277149
b,26.33,13,u,g,e,dd,0,f,f,0,t,g,00140,1110,-,0.029762717427771486,0.20996336996336995,-0.4387660295477689
a,45.00,4.585,u,g,k,h,1,f,f,0,t,s,00240,0,-,0.05086677874096912,0.4835164835164835,1.133229111007038
b,26.25,1.54,u,g,w,v,0.125,f,f,0,f,g,00100,0,-,0.02967228759889865,0.20879120879120883,-0.44550194873600574
b,28.17,0.585,u,g,aa,v,0.04,f,f,0,f,g,00260,1004,-,0.03184260349184667,0.23692307692307696,-0.2838398882183179
a,20.83,0.5,y,p,e,dd,1,f,f,0,f,g,00260,0,-,0.023545666692764148,0.12937728937728937,-0.9018604737390618
b,28.67,14.5,u,g,d,v,0.125,f,f,0,f,g,00000,286,-,0.03240778992230188,0.24424908424908431,-0.24174039329183675
b,20.67,0.835,y,p,c,v,2,f,f,0,t,s,00240,0,-,0.023364807035018482,0.12703296703296707,-0.9153323121155355
b,34.42,1.335,u,g,i,bb,0.125,f,f,0,t,g,00440,4500,-,0.038907433872536826,0.32849816849816854,0.24240379836269665
b,33.58,0.25,u,g,i,bb,4,f,f,0,t,s,00420,0,-,0.037957920669372064,0.3161904761904762,0.171676646886208
b,43.17,5,u,g,i,bb,2.25,f,f,0,t,g,00141,0,-,0.04879819640550304,0.45670329670329673,0.979144959576117
a,22.67,7,u,g,c,v,0.165,f,f,0,f,g,00160,0,-,0.025625552756839334,0.15633699633699638,-0.7469343324096107
a,24.33,2.5,y,p,i,bb,4.5,f,f,0,f,g,00200,456,-,0.027501971705950635,0.18065934065934064,-0.6071640092536935
a,56.83,4.25,y,p,ff,ff,5,f,f,0,t,g,00000,4,-,0.06423908968553944,0.6568498168498169,2.129303160967582
b,22.08,11.46,u,g,k,v,1.585,f,f,0,t,g,00100,1212,-,0.02495863276890218,0.14769230769230768,-0.7966117364228588
b,34.00,5.5,y,p,c,v,1.5,f,f,0,t,g,00060,0,-,0.038432677270954445,0.32234432234432236,0.20704022262445235
b,22.58,1.5,y,p,aa,v,0.54,f,f,0,t,g,00120,67,-,0.02552381919935739,0.15501831501831503,-0.7545122414963776
b,21.17,0,u,g,c,v,0.5,f,f,0,t,s,00000,0,-,0.023929993465473698,0.13435897435897437,-0.8732328171890542
b,26.67,14.585,u,g,i,bb,0,f,f,0,t,g,00178,0,-,0.030147044200481032,0.214945054945055,-0.4101383729977614
b,22.92,0.17,u,g,m,v,0.085,f,f,0,f,s,00000,0,-,0.02590814597206694,0.16000000000000003,-0.7258845849463702
b,15.17,7,u,g,e,v,1,f,f,0,f,g,00600,0,-,0.017147756300011145,0.046446886446886465,-1.3784267563068282
b,39.92,5,u,g,i,bb,0.21,f,f,0,f,g,00550,0,-,0.04512448460754416,0.4090842490842492,0.7054982425539895
b,27.42,12.5,u,g,aa,bb,0.25,f,f,0,t,g,00720,0,-,0.030994823846163852,0.22593406593406595,-0.34698913060803965
b,24.75,0.54,u,g,m,v,1,f,f,0,t,g,00120,1,-,0.027976728307533016,0.18681318681318682,-0.5718004335154493
b,41.17,1.25,y,p,w,v,0.25,f,f,0,f,g,00000,195,-,0.046537450683682195,0.4273992673992674,0.8107469798701924
a,33.08,1.625,u,g,d,v,0.54,f,f,0,t,g,00000,0,-,0.037392734238916855,0.30886446886446883,0.12957715195972686
b,29.83,2.04,y,p,x,h,0.04,f,f,0,f,g,00128,1,-,0.03371902244095797,0.2612454212454212,-0.14406956506240073
a,23.58,0.585,y,p,ff,ff,0.125,f,f,0,f,g,00120,87,-,0.026654192060267815,0.16967032967032963,-0.6703132516434153
b,26.17,12.5,y,p,k,h,1.25,f,f,0,t,g,00000,17,-,0.02958185777002582,0.20761904761904765,-0.4522378679242426
b,31.00,2.085,u,g,c,v,0.085,f,f,0,f,g,00300,0,-,0.03504155868822317,0.2783882783882784,-0.04555674693443466
b,20.75,5.085,y,p,j,v,0.29,f,f,0,f,g,00140,184,-,0.023455236863891317,0.1282051282051282,-0.9085963929272985
b,28.92,0.375,u,g,c,v,0.29,f,f,0,f,g,00220,140,-,0.03269038313752949,0.24791208791208796,-0.22069064582859618
a,51.92,6.5,u,g,i,bb,3.085,f,f,0,t,g,00073,0,-,0.05868895893846926,0.5849084249084249,1.7158861207895375
a,22.67,0.335,u,g,q,v,0.75,f,f,0,f,s,00160,0,-,0.025625552756839334,0.15633699633699638,-0.7469343324096107
b,34.00,5.085,y,p,i,bb,1.085,f,f,0,t,g,00480,0,-,0.038432677270954445,0.32234432234432236,0.20704022262445235
a,69.50,6,u,g,ff,ff,0,f,f,0,f,s,00000,0,-,0.07856091383327453,0.8424908424908424,3.1961043624046153
a,40.33,8.125,y,p,k,v,0.165,f,t,02,f,g,183.67555555555555,18,-,0.04558793748051743,0.41509157509157507,0.7400198283937037
a,19.58,0.665,y,p,c,v,1,f,t,01,f,g,02000,2,-,0.022132700616626116,0.11106227106227107,-1.0071092110552646
b,16.00,3.125,u,g,w,v,0.085,f,t,01,f,g,00000,6,-,0.0180859657745668,0.05860805860805862,-1.3085415947288697
b,17.08,0.25,u,g,q,v,0.335,f,t,04,f,g,00160,8,-,0.019306768464350053,0.0744322344322344,-1.2176066856876704
b,31.25,2.835,u,g,ff,ff,0,f,t,05,f,g,00176,146,-,0.03532415190345078,0.28205128205128205,-0.024506999471194075
b,25.17,3,u,g,c,v,1.25,f,t,01,f,g,00000,22,-,0.028451484909115397,0.192967032967033,-0.536436857777205
a,22.67,0.79,u,g,i,v,0.085,f,f,0,f,g,00144,0,-,0.025625552756839334,0.15633699633699638,-0.7469343324096107
b,40.58,1.5,u,g,i,bb,0,f,f,0,f,s,00300,0,-,0.04587053069574504,0.4187545787545787,0.7610695758569443
b,22.25,0.46,u,g,k,v,0.125,f,f,0,t,g,00280,55,-,0.025150796155256953,0.1501831501831502,-0.782297908147855
a,22.25,1.25,y,p,ff,ff,3.25,f,f,0,f,g,00280,0,-,0.025150796155256953,0.1501831501831502,-0.782297908147855
b,22.50,0.125,y,p,k,v,0.125,f,f,0,f,g,00200,70,-,0.02543338937048456,0.15384615384615385,-0.7612481606846145
b,23.58,1.79,u,g,c,v,0.54,f,f,0,t,g,00136,1,-,0.026654192060267815,0.16967032967032963,-0.6703132516434153
b,38.42,0.705,u,g,c,v,0.375,f,t,02,f,g,00225,500,-,0.04342892531617853,0.38710622710622716,0.579199757774546
a,26.58,2.54,y,p,ff,ff,0,f,f,0,t,g,00180,60,-,0.03004531064299909,0.2136263736263736,-0.4177162820845283
b,35.00,2.5,u,g,i,v,1,f,f,0,t,g,00210,0,-,0.03956305013186487,0.33699633699633696,0.2912392124774147
b,20.42,1.085,u,g,q,v,1.5,f,f,0,f,g,00108,7,-,0.02308221381979088,0.12336996336996342,-0.936382059578776
b,29.42,1.25,u,g,w,v,1.75,f,f,0,f,g,00200,0,-,0.0332555695679847,0.25523809523809526,-0.178591150902115
b,26.17,0.835,u,g,cc,v,1.165,f,f,0,f,g,00100,0,-,0.02958185777002582,0.20761904761904765,-0.4522378679242426
b,33.67,2.165,u,g,c,v,1.5,f,f,0,f,p,00120,0,-,0.038059654226854006,0.31750915750915754,0.1792545559729749
b,24.58,1.25,u,g,c,v,0.25,f,f,0,f,g,00110,0,-,0.027784564921178243,0.1843223443223443,-0.586114261790453
a,27.67,2.04,u,g,w,v,0.25,f,f,0,t,g,00180,50,-,0.031277417061391456,0.22959706959706966,-0.3259393831447991
b,37.50,0.835,u,g,e,v,0.04,f,f,0,f,g,00120,5,-,0.04238898228414093,0.3736263736263737,0.5017366871098206
b,49.17,2.29,u,g,ff,ff,0.29,f,f,0,f,g,00200,3,-,0.05558043357096559,0.5446153846153847,1.484338898693891
b,33.58,0.335,y,p,cc,v,0.085,f,f,0,f,g,00180,0,-,0.037957920669372064,0.3161904761904762,0.171676646886208
b,51.83,3,y,p,ff,ff,1.5,f,f,0,f,g,00180,4,-,0.05858722538098732,0.5835897435897435,1.7083082117027706
b,22.92,3.165,y,p,c,v,0.165,f,f,0,f,g,00160,1058,-,0.02590814597206694,0.16000000000000003,-0.7258845849463702
b,21.83,1.54,u,g,k,v,0.085,f,f,0,t,g,00356,0,-,0.024676039553674572,0.14402930402930403,-0.8176614838860994
b,25.25,1,u,g,aa,v,0.5,f,f,0,f,g,00200,0,-,0.028541914737988228,0.19413919413919417,-0.529700938588968
b,58.58,2.71,u,g,c,v,2.415,f,f,0,t,g,00320,0,-,0.06621724219213268,0.6824908424908425,2.2766513932102663
b,19.00,0,y,p,ff,ff,0,f,t,04,f,g,00045,1,-,0.021477084357298074,0.10256410256410259,-1.0559446251699827
b,19.58,0.585,u,g,ff,ff,0,f,t,03,f,g,00350,769,-,0.022132700616626116,0.11106227106227107,-1.0071092110552646
a,53.33,0.165,u,g,ff,ff,0,f,f,0,t,s,00062,27,-,0.06028278467235296,0.6055677655677656,1.834606696482214
a,27.17,1.25,u,g,ff,ff,0,f,t,01,f,g,00092,300,-,0.030712230630936244,0.2222710622710623,-0.3680388780712803
b,25.92,0.875,u,g,k,v,0.375,f,t,02,t,g,00174,3,-,0.029299264554798213,0.203956043956044,-0.47328761538748315
b,23.08,0,u,g,k,v,1,f,t,11,f,s,00000,0,-,0.026089005629812603,0.16234432234432233,-0.7124127465698965
b,39.58,5,u,g,ff,ff,0,f,t,02,f,g,00017,1,-,0.044740157834834614,0.4041025641025641,0.676870586003982
b,30.58,2.71,y,p,m,v,0.125,f,f,0,t,s,00080,0,-,0.03456680208664079,0.2722344322344322,-0.08092032267267898
b,17.25,3,u,g,k,v,0.04,f,f,0,t,g,00160,40,-,0.01949893185070483,0.07692307692307693,-1.2032928574126667
a,17.67,0,y,p,j,ff,0,f,f,0,f,g,00086,0,-,0.019973688452287208,0.0830769230769231,-1.1679292816744224
a,31.568389955686886,11.25,u,g,ff,ff,0,f,f,0,f,g,183.67555555555555,5200,-,0.03568405126854571,0.2867163363470606,0.002301113176971155
b,16.50,0.125,u,g,c,v,0.165,f,f,0,f,g,00132,0,-,0.01865115220502201,0.06593406593406595,-1.2664420998023884
a,27.33,1.665,u,g,ff,ff,0,f,f,0,f,g,00340,1,-,0.03089309028868191,0.2246153846153846,-0.3545670396948066
b,31.25,1.125,u,g,ff,ff,0,f,t,01,f,g,00096,19,-,0.03532415190345078,0.28205128205128205,-0.024506999471194075
b,20.00,7,u,g,c,v,0.5,f,f,0,f,g,00000,0,-,0.022607457218208497,0.11721611721611724,-0.9717456353170203
b,31.568389955686886,3,y,p,i,bb,7,f,f,0,f,g,00000,1,-,0.03568405126854571,0.2867163363470606,0.002301113176971155
b,39.50,1.625,u,g,c,v,1.5,f,f,0,f,g,00000,316,-,0.04464972800596178,0.402930402930403,0.6701346668157452
b,36.50,4.25,u,g,q,v,3.5,f,f,0,f,g,00454,50,-,0.04125860942323051,0.358974358974359,0.4175376972568582
b,29.75,0.665,u,g,w,v,0.25,f,f,0,t,g,00300,0,-,0.03362859261208514,0.2600732600732601,-0.15080548425063758
b,52.42,1.5,u,g,d,v,3.75,f,f,0,t,g,00000,350,-,0.059254145368924475,0.5922344322344322,1.7579856157160187
b,36.17,18.125,u,g,w,v,0.085,f,f,0,f,g,00320,3552,-,0.04088558637913007,0.3541391941391942,0.3897520306053808
b,34.58,0,u,g,c,v,0,f,f,0,f,p,183.67555555555555,0,-,0.03908829353028249,0.3308424908424908,0.25587563673917035
b,29.67,0.75,y,p,c,v,0.04,f,f,0,f,g,00240,0,-,0.03353816278321231,0.2589010989010989,-0.1575414034388744
b,36.17,5.5,u,g,i,bb,5,f,f,0,f,g,00210,687,-,0.04088558637913007,0.3541391941391942,0.3897520306053808
b,25.67,0.29,y,p,c,v,1.5,f,f,0,t,g,00160,0,-,0.02901667133957061,0.20029304029304035,-0.49433736285072377
a,24.50,2.415,y,p,c,v,0,f,f,0,f,g,00120,0,-,0.027694135092305408,0.18315018315018317,-0.5928501809786898
b,24.08,0.875,u,g,m,v,0.085,f,t,04,f,g,00254,1950,-,0.027219378490723027,0.176996336996337,-0.6282137567169341
b,21.92,0.5,u,g,c,v,0.125,f,f,0,f,g,00360,0,-,0.024777773111156514,0.14534798534798538,-0.8100835747993325
a,36.58,0.29,u,g,ff,ff,0,f,t,10,f,g,00200,18,-,0.04134903925210334,0.3601465201465201,0.42427361644509504
a,23.00,1.835,u,g,j,j,0,f,t,01,f,g,00200,53,-,0.025998575800939772,0.1611721611721612,-0.7191486657581333
a,27.58,3,u,g,m,v,2.79,f,t,01,t,g,00280,10,-,0.031175683503909517,0.22827838827838826,-0.333517292231566
b,31.08,3.085,u,g,c,v,2.5,f,t,02,t,g,00160,41,-,0.035131988517096,0.2795604395604395,-0.038820827746197814
a,30.42,1.375,u,g,w,h,0.04,f,t,03,f,g,00000,33,-,0.034385942428895123,0.2698901098901099,-0.09439216104915267
b,22.08,2.335,u,g,k,v,0.75,f,f,0,f,g,00180,0,-,0.02495863276890218,0.14769230769230768,-0.7966117364228588
b,16.33,4.085,u,g,i,h,0.415,f,f,0,t,g,00120,0,-,0.018458988818667237,0.06344322344322342,-1.2807559280773921
a,21.92,11.665,u,g,k,h,0.085,f,f,0,f,g,00320,5,-,0.024777773111156514,0.14534798534798538,-0.8100835747993325
b,21.08,4.125,y,p,i,h,0.04,f,f,0,f,g,00140,100,-,0.023828259907991756,0.13304029304029302,-0.8808107262758211
b,17.42,6.5,u,g,i,v,0.125,f,f,0,f,g,00060,100,-,0.019691095237059603,0.07941391941391945,-1.188979029137663
b,19.17,4,y,p,i,v,1,f,f,0,t,g,00360,1000,-,0.021669247743652847,0.10505494505494511,-1.041630796894979
b,20.67,0.415,u,g,c,v,0.125,f,f,0,f,g,00000,44,-,0.023364807035018482,0.12703296703296707,-0.9153323121155355
b,26.75,2,u,g,d,v,0.75,f,f,0,t,g,00080,0,-,0.030237474029353863,0.21611721611721613,-0.40340245380952455
b,23.58,0.835,u,g,i,h,0.085,f,f,0,t,g,00220,5,-,0.026654192060267815,0.16967032967032963,-0.6703132516434153
b,39.17,2.5,y,p,i,h,10,f,f,0,t,s,00200,0,-,0.04427670496186134,0.3980952380952381,0.6423490001642678
b,22.75,11.5,u,g,i,v,0.415,f,f,0,f,g,00000,0,-,0.025715982585712165,0.1575091575091575,-0.7401984132213739
b,26.50,2.71,y,p,c,v,0.085,f,f,0,f,s,00080,0,-,0.02995488081412626,0.21245421245421248,-0.4244522012727652
a,16.92,0.5,u,g,i,v,0.165,f,t,06,t,g,00240,35,-,0.01912590880660439,0.07208791208791213,-1.2310785240641442
b,23.50,3.165,y,p,k,v,0.415,f,t,01,t,g,00280,80,-,0.026563762231394984,0.1684981684981685,-0.6770491708316522
a,17.33,9.5,u,g,aa,v,1.75,f,t,10,t,g,00000,10,-,0.01958936167957766,0.0780952380952381,-1.1965569382244299
b,23.75,0.415,y,p,c,v,0.04,f,t,02,f,g,00128,6,-,0.026846355446622592,0.17216117216117216,-0.6559994233684115
b,34.67,1.08,u,g,m,v,1.165,f,f,0,f,s,00028,0,-,0.03919002708776443,0.3321611721611722,0.2634535458259373
b,74.83,19,y,p,ff,ff,0.04,f,t,02,f,g,00000,351,-,0.08458580118192709,0.9205860805860806,3.644884978320904
b,28.17,0.125,y,p,k,v,0.085,f,f,0,f,g,00216,2100,-,0.03184260349184667,0.23692307692307696,-0.2838398882183179
b,24.50,13.335,y,p,aa,v,0.04,f,f,0,t,g,00120,475,-,0.027694135092305408,0.18315018315018317,-0.5928501809786898
b,18.83,3.54,y,p,ff,ff,0,f,f,0,t,g,00180,1,-,0.021284920970943297,0.10007326007326006,-1.0702584534449864
b,45.33,1,u,g,q,v,0.125,f,f,0,t,g,00263,0,-,0.05123980178506956,0.4883516483516483,1.1610147776585154
a,47.25,0.75,u,g,q,h,2.75,t,t,01,f,g,00333,892,+,0.05341011767801757,0.5164835164835164,1.3226768381762033
b,24.17,0.875,u,g,q,v,4.625,t,t,02,t,g,00520,2000,+,0.02732111204820497,0.17831501831501834,-0.6206358476301672
b,39.25,9.5,u,g,m,v,6.5,t,t,14,f,g,00240,4607,+,0.044367134790734175,0.39926739926739924,0.6490849193525046
a,20.50,11.835,u,g,c,h,6,t,f,0,f,g,00340,0,+,0.02317264364866371,0.12454212454212454,-0.9296461403905392
a,18.83,4.415,y,p,c,h,3,t,f,0,f,g,00240,0,+,0.021284920970943297,0.10007326007326006,-1.0702584534449864
b,19.17,9.5,u,g,w,v,1.5,t,f,0,f,g,00120,2206,+,0.021669247743652847,0.10505494505494511,-1.041630796894979
a,25.00,0.875,u,g,x,h,1.04,t,f,0,t,g,00160,5860,+,0.02825932152276062,0.19047619047619047,-0.5507506860522087
b,20.17,9.25,u,g,c,v,1.665,t,t,03,t,g,00040,28,+,0.02279962060456327,0.11970695970695977,-0.9574318070420166
b,25.75,0.5,u,g,c,v,1.46,t,t,05,t,g,00312,0,+,0.02910710116844344,0.20146520146520147,-0.4876014436624869
b,20.42,7,u,g,c,v,1.625,t,t,03,f,g,00200,1391,+,0.02308221381979088,0.12336996336996342,-0.936382059578776
b,31.568389955686886,4,u,g,x,v,5,t,t,03,t,g,00290,2279,+,0.03568405126854571,0.2867163363470606,0.002301113176971155
b,39.00,5,u,g,cc,v,3.5,t,t,10,t,g,00000,0,+,0.04408454157550657,0.3956043956043956,0.628035171889264
a,64.08,0.165,u,g,ff,ff,0,t,t,01,f,g,00232,100,+,0.07243429292714003,0.763076923076923,2.7397458374015593
b,28.25,5.125,u,g,x,v,4.75,t,t,02,f,g,00420,7,+,0.0319330333207195,0.23809523809523808,-0.27710396903008105
a,28.75,3.75,u,g,c,v,1.085,t,t,01,t,g,00371,0,+,0.032498219751174715,0.24542124542124544,-0.2350044741035999
b,31.33,19.5,u,g,c,v,7,t,t,16,f,g,00000,5000,+,0.03541458173232361,0.2832234432234432,-0.017771080282957232
a,18.92,9,u,g,aa,v,0.75,t,t,02,f,g,00088,591,+,0.02138665452842524,0.10139194139194141,-1.0626805443582195
a,24.75,3,u,g,q,h,1.835,t,t,19,f,g,00000,500,+,0.027976728307533016,0.18681318681318682,-0.5718004335154493
a,30.67,12,u,g,c,v,2,t,t,01,f,g,00220,19,+,0.034668535644122735,0.27355311355311357,-0.07334241358591209
b,21.00,4.79,y,p,w,v,2.25,t,t,01,t,g,00080,300,+,0.02373783007911892,0.1318681318681319,-0.887546645464058
b,13.75,4,y,p,w,v,1.75,t,t,02,t,g,00120,1000,+,0.015542626837518341,0.02564102564102566,-1.497989321898035
a,46.00,4,u,g,j,j,0,t,f,0,f,g,00100,960,+,0.051997151601879545,0.49816849816849823,1.2174281008600003
a,44.33,0,u,g,c,v,2.5,t,f,0,f,g,00000,0,+,0.05010942892415913,0.4736996336996337,1.076815787805553
b,20.25,9.96,u,g,e,dd,0,t,f,0,f,g,00000,0,+,0.022890050433436105,0.1208791208791209,-0.9506958878537798
b,22.67,2.54,y,p,c,h,2.585,t,f,0,f,g,00000,0,+,0.025625552756839334,0.15633699633699638,-0.7469343324096107
b,31.568389955686886,10.5,u,g,x,v,6.5,t,f,0,f,g,00000,0,+,0.03568405126854571,0.2867163363470606,0.002301113176971155
a,60.92,5,u,g,aa,v,4,t,t,04,f,g,00000,99,+,0.06886231468666308,0.7167765567765567,2.4736770294661983
b,16.08,0.75,u,g,c,v,1.75,t,t,05,t,g,00352,690,+,0.01817639560343963,0.05978021978021977,-1.3018056755406329
a,28.17,0.375,u,g,q,v,0.585,t,t,04,f,g,00080,0,+,0.03184260349184667,0.23692307692307696,-0.2838398882183179
b,39.17,1.71,u,g,x,v,0.125,t,t,05,t,g,00480,0,+,0.04427670496186134,0.3980952380952381,0.6423490001642678
b,20.42,7.5,u,g,k,v,1.5,t,t,01,f,g,00160,234,+,0.02308221381979088,0.12336996336996342,-0.936382059578776
a,30.00,5.29,u,g,e,dd,2.25,t,t,05,t,g,00099,500,+,0.03391118582731274,0.26373626373626374,-0.129755736787397
b,22.83,3,u,g,m,v,1.29,t,t,01,f,g,00260,800,+,0.025806412414585,0.15868131868131868,-0.733462494033137
a,22.50,8.5,u,g,q,v,1.75,t,t,10,f,g,00080,990,-,0.02543338937048456,0.15384615384615385,-0.7612481606846145
a,28.58,1.665,u,g,q,v,2.415,t,f,0,t,g,00440,0,-,0.03230605636481994,0.2429304029304029,-0.24931830237860364
b,45.17,1.5,u,g,c,v,2.5,t,f,0,t,g,00140,0,-,0.05105894212732389,0.48600732600732605,1.1475429392820418
b,41.58,1.75,u,g,k,v,0.21,t,f,0,f,g,00160,0,-,0.04700090355665546,0.43340659340659343,0.8452685657099067
a,57.08,0.335,u,g,i,bb,1,t,f,0,t,g,00252,2197,-,0.06452168290076706,0.6605128205128206,2.150352908430823
a,55.75,7.08,u,g,k,h,6.75,t,t,03,t,g,00100,50,-,0.06301828699575619,0.641025641025641,2.038368251926383
b,43.25,25.21,u,g,q,h,0.21,t,t,01,f,g,00760,90,-,0.04888862623437588,0.45787545787545786,0.9858808787643539
a,25.33,2.085,u,g,c,h,2.75,t,f,0,t,g,00360,1,-,0.02863234456686106,0.1953113553113553,-0.5229650194007313
a,24.58,0.67,u,g,aa,h,1.75,t,f,0,f,g,00400,0,-,0.027784564921178243,0.1843223443223443,-0.586114261790453
b,43.17,2.25,u,g,i,bb,0.75,t,f,0,f,g,00560,0,-,0.04879819640550304,0.45670329670329673,0.979144959576117
b,40.92,0.835,u,g,ff,ff,0,t,f,0,f,g,00130,1,-,0.046254857468454584,0.4237362637362638,0.7896972324069518
b,31.83,2.5,u,g,aa,v,7.5,t,f,0,t,g,00523,0,-,0.03597976816277882,0.2905494505494505,0.024328414643523935
a,33.92,1.585,y,p,ff,ff,0,t,f,0,f,g,00320,0,-,0.03834224744208161,0.3211721611721612,0.2003043034362155
a,24.92,1.25,u,g,ff,ff,0,t,f,0,f,g,00080,0,-,0.02816889169388779,0.18930402930402934,-0.5574866052404455
b,35.25,3.165,u,g,x,h,3.75,t,f,0,t,g,00680,0,-,0.03984564334709248,0.3406593406593407,0.31228895994065525
b,34.25,1.75,u,g,w,bb,0.25,t,f,0,t,g,00163,0,-,0.03871527048618205,0.326007326007326,0.2280899700876929
b,80.25,5.5,u,g,c,v,0.54,t,f,0,f,g,00000,340,-,0.0907124220880616,1.0,4.1012435033239605
b,19.42,1.5,y,p,cc,v,2,t,f,0,t,g,00100,20,-,0.021951840958880454,0.10871794871794876,-1.0205810494317384
b,42.75,3,u,g,i,bb,1,t,f,0,f,g,00000,200,-,0.04832343980392066,0.45054945054945056,0.9437813838378728
b,19.67,10,y,p,k,h,0.835,t,f,0,t,g,00140,0,-,0.02223443417410806,0.11238095238095241,-0.9995313019684977
b,36.33,3.79,u,g,w,v,1.165,t,f,0,t,g,00200,0,-,0.04106644603687573,0.35648351648351645,0.4032238689818544
b,30.08,1.04,y,p,i,bb,0.5,t,t,10,t,g,00132,28,-,0.03400161565618558,0.2649084249084249,-0.12301981759916016
b,44.25,11,y,p,d,v,1.5,t,f,0,f,s,00000,0,-,0.0500189990952863,0.47252747252747257,1.0700798686173163
b,23.58,0.46,y,p,w,v,2.625,t,t,06,t,g,00208,347,-,0.026654192060267815,0.16967032967032963,-0.6703132516434153
b,23.92,1.5,u,g,d,h,1.875,t,t,06,f,g,00200,327,+,0.027038518832977365,0.1746520146520147,-0.6416855950934078
b,33.17,1,u,g,x,v,0.75,t,t,07,t,g,00340,4071,+,0.0374944677963988,0.31018315018315024,0.13715506104649375
b,48.33,12,u,g,m,v,16,t,f,0,f,s,00110,0,+,0.05463092036780083,0.5323076923076924,1.4136117472174023
b,76.75,22.29,u,g,e,z,12.75,t,t,01,t,g,00000,109,+,0.08675611707487511,0.9487179487179487,3.806547038838592
b,51.33,10,u,g,i,bb,0,t,t,11,f,g,00000,1249,+,0.05802203895053211,0.5762637362637362,1.6662087167762893
b,34.75,15,u,g,r,n,5.375,t,t,09,t,g,00000,134,+,0.039280456916637264,0.3333333333333333,0.27018946501417407
b,38.58,3.335,u,g,w,v,4,t,t,14,f,g,00383,1344,+,0.04360978497392419,0.3894505494505494,0.5926715961510197
a,22.42,11.25,y,p,x,h,0.75,t,t,04,f,g,00000,321,+,0.025342959541611726,0.15267399267399273,-0.7679840798728513
b,41.92,0.42,u,g,c,h,0.21,t,t,06,f,g,00220,948,+,0.047385230329365015,0.4383882783882784,0.8738962222599141
b,29.58,4.5,u,g,w,v,7.5,t,t,02,t,g,00330,0,+,0.03343642922573037,0.25758241758241757,-0.16511931252564133
a,32.17,1.46,u,g,w,v,1.085,t,t,16,f,g,00120,2079,+,0.03636409493548837,0.2955311355311356,0.052956071193531414
b,51.42,0.04,u,g,x,h,0.04,t,f,0,f,g,00000,3000,+,0.05812377250801405,0.5775824175824176,1.6737866258630563
a,22.83,2.29,u,g,q,h,2.29,t,t,07,t,g,00140,2384,+,0.025806412414585,0.15868131868131868,-0.733462494033137
a,25.00,12.33,u,g,cc,h,3.5,t,t,06,f,g,00400,458,+,0.02825932152276062,0.19047619047619047,-0.5507506860522087
b,26.75,1.125,u,g,x,h,1.25,t,f,0,f,g,00000,5298,+,0.030237474029353863,0.21611721611721613,-0.40340245380952455
b,23.33,1.5,u,g,c,h,1.415,t,f,0,f,g,00422,200,+,0.02637159884504021,0.16600732600732598,-0.6913629991066559
b,24.42,12.335,u,g,q,h,1.585,t,f,0,t,g,00120,0,+,0.027603705263432577,0.18197802197802204,-0.5995861001669267
b,42.17,5.04,u,g,q,h,12.75,t,f,0,t,g,00092,0,+,0.04766782354459262,0.44205128205128214,0.8949459697231548
a,20.83,3,u,g,aa,v,0.04,t,f,0,f,g,00100,0,+,0.023545666692764148,0.12937728937728937,-0.9018604737390618
b,23.08,11.5,u,g,w,h,2.125,t,t,11,t,g,00290,284,+,0.026089005629812603,0.16234432234432233,-0.7124127465698965
a,25.17,2.875,u,g,x,h,0.875,t,f,0,f,g,00360,0,+,0.028451484909115397,0.192967032967033,-0.536436857777205
b,43.08,0.375,y,p,c,v,0.375,t,t,08,t,g,00300,162,+,0.0486964628480211,0.45538461538461533,0.9715670504893502
a,35.75,0.915,u,g,aa,v,0.75,t,t,04,f,g,00000,1583,+,0.04041082977754769,0.347985347985348,0.35438845486713644
b,59.50,2.75,u,g,w,v,1.75,t,t,05,t,g,00060,58,+,0.06725718522417028,0.6959706959706959,2.354114463874992
b,21.00,3,y,p,d,v,1.085,t,t,08,t,g,00160,1,+,0.02373783007911892,0.1318681318681319,-0.887546645464058
b,21.92,0.54,y,p,x,v,0.04,t,t,01,t,g,00840,59,+,0.024777773111156514,0.14534798534798538,-0.8100835747993325
a,65.17,14,u,g,ff,ff,0,t,t,11,t,g,00000,1400,+,0.07366639934553239,0.779047619047619,2.8315227363412885
a,20.33,10,u,g,c,h,1,t,t,04,f,g,00050,1465,+,0.022980480262308936,0.12205128205128202,-0.9439599686655429
b,32.25,0.165,y,p,c,h,3.25,t,t,01,t,g,00432,8000,+,0.0364545247643612,0.2967032967032967,0.059691990381768256
b,30.17,0.5,u,g,c,v,1.75,t,t,11,f,g,00032,540,+,0.03410334921366752,0.26622710622710627,-0.11544190851239325
b,25.17,6,u,g,c,v,1,t,t,03,f,g,00000,0,+,0.028451484909115397,0.192967032967033,-0.536436857777205
b,39.17,1.625,u,g,c,v,1.5,t,t,10,f,g,00186,4700,+,0.04427670496186134,0.3980952380952381,0.6423490001642678
b,39.08,6,u,g,m,v,1.29,t,t,05,t,g,00108,1097,+,0.0441749714043794,0.3967765567765567,0.6347710910775008
b,31.67,0.83,u,g,x,v,1.335,t,t,08,t,g,00303,3290,+,0.03579890850503316,0.2882051282051282,0.010856576267050248
b,41.00,0.04,u,g,e,v,0.04,f,t,01,f,s,00560,0,+,0.04634528729732742,0.4249084249084249,0.7964331515951887
b,48.50,4.25,u,g,m,v,0.125,t,f,0,t,g,00225,0,+,0.05482308375415561,0.5347985347985349,1.427925575492406
b,32.67,9,y,p,w,h,5.25,t,f,0,t,g,00154,0,+,0.03692928136594358,0.3028571428571429,0.09505556612001258
a,28.08,15,y,p,e,z,0,t,f,0,f,g,00000,13212,+,0.03174086993436473,0.2356043956043956,-0.2914177973050848
b,73.42,17.75,u,g,ff,ff,0,t,f,0,t,g,00000,0,+,0.08299197544804339,0.8999267399267399,3.5261644026282277
b,64.08,20,u,g,x,h,17.5,t,t,09,t,g,00000,1000,+,0.07243429292714003,0.763076923076923,2.7397458374015593
b,51.58,15,u,g,c,v,8.5,t,t,09,f,g,00000,0,+,0.058304632165759714,0.5799267399267398,1.68725846423953
b,26.67,1.75,y,p,c,v,1,t,t,05,t,g,00160,5777,+,0.030147044200481032,0.214945054945055,-0.4101383729977614
b,25.33,0.58,u,g,c,v,0.29,t,t,07,t,g,00096,5124,+,0.02863234456686106,0.1953113553113553,-0.5229650194007313
b,30.17,6.5,u,g,cc,v,3.125,t,t,08,f,g,00330,1200,+,0.03410334921366752,0.26622710622710627,-0.11544190851239325
b,27.00,0.75,u,g,c,h,4.25,t,t,03,t,g,00312,150,+,0.03052006724458147,0.21978021978021978,-0.382352706346284
b,23.17,0,u,g,c,v,0,f,f,0,f,p,183.67555555555555,0,+,0.026190739187294546,0.16366300366300368,-0.7048348374831296
b,34.17,5.25,u,g,w,v,0.085,f,f,0,t,g,00290,6,+,0.03862484065730922,0.3248351648351649,0.2213540508994561
b,38.67,0.21,u,g,k,v,0.085,t,f,0,t,g,00280,0,+,0.04371151853140613,0.3907692307692308,0.6002495052377865
b,25.75,0.75,u,g,c,bb,0.25,t,f,0,f,g,00349,23,+,0.02910710116844344,0.20146520146520147,-0.4876014436624869
a,46.08,3,u,g,c,v,2.375,t,t,08,t,g,00396,4159,+,0.05208758143075238,0.49934065934065935,1.224164020048237
a,21.50,6,u,g,aa,v,2.5,t,t,03,f,g,00080,918,+,0.024303016509574133,0.1391941391941392,-0.8454471505375768
b,20.08,0.125,u,g,q,v,1,f,t,01,f,g,00240,768,+,0.02269788704708133,0.11838827838827837,-0.9650097161287835
b,20.50,2.415,u,g,c,v,2,t,t,11,t,g,00200,3000,+,0.02317264364866371,0.12454212454212454,-0.9296461403905392
a,29.50,0.46,u,g,k,v,0.54,t,t,04,f,g,00380,500,+,0.033345999396857534,0.25641025641025644,-0.17185523171387815
b,42.25,1.75,y,p,c,v,0,f,f,0,t,g,00150,1,-,0.047758253373465454,0.44322344322344326,0.9016818889113916
b,29.83,1.25,y,p,k,v,0.25,f,f,0,f,g,00224,0,-,0.03371902244095797,0.2612454212454212,-0.14406956506240073
b,20.08,0.25,u,g,q,v,0.125,f,f,0,f,g,00200,0,-,0.02269788704708133,0.11838827838827837,-0.9650097161287835
b,23.42,0.585,u,g,c,h,0.085,t,f,0,f,g,00180,0,-,0.026473332402522153,0.1673260073260074,-0.683785090019889
a,29.58,1.75,y,p,k,v,1.25,f,f,0,t,g,00280,0,-,0.03343642922573037,0.25758241758241757,-0.16511931252564133
b,16.17,0.04,u,g,c,v,0.04,f,f,0,f,g,00000,0,+,0.018278129160921572,0.06109890109890115,-1.294227766453866
b,32.33,3.5,u,g,k,v,0.5,f,f,0,t,g,00232,0,-,0.036544954593234036,0.2978754578754579,0.0664279095700051
b,31.568389955686886,0.04,y,p,d,v,4.25,f,f,0,t,g,00460,0,-,0.03568405126854571,0.2867163363470606,0.002301113176971155
b,47.83,4.165,u,g,x,bb,0.085,f,f,0,t,g,00520,0,-,0.05406573393734562,0.5249816849816851,1.3715122522909213
b,20.00,1.25,y,p,k,v,0.125,f,f,0,f,g,00140,4,-,0.022607457218208497,0.11721611721611724,-0.9717456353170203
b,27.58,3.25,y,p,q,h,5.085,f,t,02,t,g,00369,1,-,0.031175683503909517,0.22827838827838826,-0.333517292231566
b,22.00,0.79,u,g,w,v,0.29,f,t,01,f,g,00420,283,-,0.02486820294002935,0.14652014652014655,-0.8033476556110957
b,19.33,10.915,u,g,c,bb,0.585,f,t,02,t,g,00200,7,-,0.021850107401398512,0.10739926739926736,-1.0281589585185051
a,38.33,4.415,u,g,c,v,0.125,f,f,0,f,g,00160,0,-,0.043327191758696586,0.38578754578754576,0.5716218486877791
b,29.42,1.25,u,g,c,h,0.25,f,t,02,t,g,00400,108,-,0.0332555695679847,0.25523809523809526,-0.178591150902115
b,22.67,0.75,u,g,i,v,1.585,f,t,01,t,g,00400,9,-,0.025625552756839334,0.15633699633699638,-0.7469343324096107
b,32.25,14,y,p,ff,ff,0,f,t,02,f,g,00160,1,-,0.0364545247643612,0.2967032967032967,0.059691990381768256
b,29.58,4.75,u,g,m,v,2,f,t,01,t,g,00460,68,-,0.03343642922573037,0.25758241758241757,-0.16511931252564133
b,18.42,10.415,y,p,aa,v,0.125,t,f,0,f,g,00120,375,-,0.020821468097970027,0.09406593406593411,-1.1047800392847007
b,22.17,2.25,u,g,i,v,0.125,f,f,0,f,g,00160,10,-,0.02506036632638412,0.14901098901098903,-0.789033827336092
b,22.67,0.165,u,g,c,j,2.25,f,f,0,t,s,00000,0,+,0.025625552756839334,0.15633699633699638,-0.7469343324096107
a,25.58,0,u,g,c,v,0,f,f,0,f,p,183.67555555555555,0,+,0.028914937782088666,0.19897435897435894,-0.5019152719374906
b,18.83,0,u,g,q,v,0.665,f,f,0,f,g,00160,1,-,0.021284920970943297,0.10007326007326006,-1.0702584534449864
b,21.58,0.79,y,p,cc,v,0.665,f,f,0,f,g,00160,0,-,0.024393446338446968,0.14036630036630038,-0.83871123134934
b,23.75,12,u,g,c,v,2.085,f,f,0,f,s,00080,0,-,0.026846355446622592,0.17216117216117216,-0.6559994233684115
b,22.00,7.835,y,p,i,bb,0.165,f,f,0,t,g,183.67555555555555,0,-,0.02486820294002935,0.14652014652014655,-0.8033476556110957
b,36.08,2.54,u,g,ff,ff,0,f,f,0,f,g,00000,1000,-,0.04078385282164813,0.3528205128205128,0.38217412151861385
b,29.25,13,u,g,d,h,0.5,f,f,0,f,g,00228,0,-,0.03306340618162993,0.25274725274725274,-0.19290497917711874
a,19.58,0.665,u,g,w,v,1.665,f,f,0,f,g,00220,5,-,0.022132700616626116,0.11106227106227107,-1.0071092110552646
a,22.92,1.25,u,g,q,v,0.25,f,f,0,t,g,00120,809,-,0.02590814597206694,0.16000000000000003,-0.7258845849463702
a,27.25,0.29,u,g,m,h,0.125,f,t,01,t,g,00272,108,-,0.03080266045980908,0.22344322344322348,-0.3613029588830434
a,38.75,1.5,u,g,ff,ff,0,f,f,0,f,g,00076,0,-,0.04380194836027897,0.39194139194139194,0.6069854244260234
b,32.42,2.165,y,p,k,ff,0,f,f,0,f,g,00120,0,-,0.03664668815071598,0.29919413919413923,0.074005818656772
a,23.75,0.71,u,g,w,v,0.25,f,t,01,t,g,00240,4,-,0.026846355446622592,0.17216117216117216,-0.6559994233684115
b,18.17,2.46,u,g,c,n,0.96,f,t,02,t,g,00160,587,-,0.020538874882742423,0.09040293040293046,-1.1258297867479412
b,40.92,0.5,y,p,m,v,0.5,f,f,0,t,g,00130,0,-,0.046254857468454584,0.4237362637362638,0.7896972324069518
b,19.50,9.585,u,g,aa,v,0.79,f,f,0,f,g,00080,350,-,0.022042270787753285,0.10989010989010989,-1.0138451302435014
b,28.58,3.625,u,g,aa,v,0.25,f,f,0,t,g,00100,0,-,0.03230605636481994,0.2429304029304029,-0.24931830237860364
b,35.58,0.75,u,g,k,v,1.5,f,f,0,t,g,00231,0,-,0.04021866639119291,0.3454945054945055,0.34007462659213267
b,34.17,2.75,u,g,i,bb,2.5,f,f,0,t,g,00232,200,-,0.03862484065730922,0.3248351648351649,0.2213540508994561
b,33.17,2.25,y,p,cc,v,3.5,f,f,0,t,g,00200,141,-,0.0374944677963988,0.31018315018315024,0.13715506104649375
b,31.58,0.75,y,p,aa,v,3.5,f,f,0,t,g,00320,0,-,0.035697174947551216,0.2868864468864469,0.00327866718028335
a,52.50,7,u,g,aa,h,3,f,f,0,f,g,00000,0,-,0.0593445751977973,0.5934065934065935,1.7647215349042555
b,36.17,0.42,y,p,w,v,0.29,f,f,0,t,g,00309,2,-,0.04088558637913007,0.3541391941391942,0.3897520306053808
b,37.33,2.665,u,g,cc,v,0.165,f,f,0,t,g,00000,501,-,0.042196818897786155,0.37113553113553116,0.4874228588348168
a,20.83,8.5,u,g,c,v,0.165,f,f,0,f,g,00000,351,-,0.023545666692764148,0.12937728937728937,-0.9018604737390618
b,24.08,9,u,g,aa,v,0.25,f,f,0,t,g,00000,0,-,0.027219378490723027,0.176996336996337,-0.6282137567169341
b,25.58,0.335,u,g,k,h,3.5,f,f,0,t,g,00340,0,-,0.028914937782088666,0.19897435897435894,-0.5019152719374906
a,35.17,3.75,u,g,ff,ff,0,f,t,06,f,g,00000,200,-,0.039755213518219645,0.3394871794871795,0.3055530407524184
b,48.08,3.75,u,g,i,bb,1,f,f,0,f,g,00100,2,-,0.05434832715257323,0.5286446886446887,1.3925619997541618
a,15.83,7.625,u,g,q,v,0.125,f,t,01,t,g,00000,160,-,0.017893802388212025,0.05611721611721612,-1.3228554230038732
a,22.50,0.415,u,g,i,v,0.335,f,f,0,t,s,00144,0,-,0.02543338937048456,0.15384615384615385,-0.7612481606846145
b,21.50,11.5,u,g,i,v,0.5,t,f,0,t,g,00100,68,-,0.024303016509574133,0.1391941391941392,-0.8454471505375768
a,23.58,0.83,u,g,q,v,0.415,f,t,01,t,g,00200,11,-,0.026654192060267815,0.16967032967032963,-0.6703132516434153
a,21.08,5,y,p,ff,ff,0,f,f,0,f,g,00000,0,-,0.023828259907991756,0.13304029304029302,-0.8808107262758211
b,25.67,3.25,u,g,c,h,2.29,f,t,01,t,g,00416,21,-,0.02901667133957061,0.20029304029304035,-0.49433736285072377
a,38.92,1.665,u,g,aa,v,0.25,f,f,0,f,g,00000,390,-,0.043994111746633736,0.39443223443223446,0.6212992527010271
a,15.75,0.375,u,g,c,v,1,f,f,0,f,g,00120,18,-,0.01780337255933919,0.05494505494505497,-1.3295913421921102
a,28.58,3.75,u,g,c,v,0.25,f,t,01,t,g,00040,154,-,0.03230605636481994,0.2429304029304029,-0.24931830237860364
b,22.25,9,u,g,aa,v,0.085,f,f,0,f,g,00000,0,-,0.025150796155256953,0.1501831501831502,-0.782297908147855
b,29.83,3.5,u,g,c,v,0.165,f,f,0,f,g,00216,0,-,0.03371902244095797,0.2612454212454212,-0.14406956506240073
a,23.50,1.5,u,g,w,v,0.875,f,f,0,t,g,00160,0,-,0.026563762231394984,0.1684981684981685,-0.6770491708316522
b,32.08,4,y,p,cc,v,1.5,f,f,0,t,g,00120,0,-,0.036262361378006425,0.2942124542124542,0.045378162106764514
b,31.08,1.5,y,p,w,v,0.04,f,f,0,f,s,00160,0,-,0.035131988517096,0.2795604395604395,-0.038820827746197814
b,31.83,0.04,y,p,m,v,0.04,f,f,0,f,g,00000,0,-,0.03597976816277882,0.2905494505494505,0.024328414643523935
a,21.75,11.75,u,g,c,v,0.25,f,f,0,t,g,00180,0,-,0.02458560972480174,0.14285714285714285,-0.8243974030743363
a,17.92,0.54,u,g,c,v,1.75,f,t,01,t,g,00080,5,-,0.020256281667514815,0.08673992673992675,-1.146879534211182
b,30.33,0.5,u,g,d,h,0.085,f,f,0,t,s,00252,0,-,0.03428420887141318,0.26857142857142857,-0.10197007013591956
b,51.83,2.04,y,p,ff,ff,1.5,f,f,0,f,g,00120,1,-,0.05858722538098732,0.5835897435897435,1.7083082117027706
b,47.17,5.835,u,g,w,v,5.5,f,f,0,f,g,00465,150,-,0.053319687849144745,0.5153113553113553,1.3159409189879665
b,25.83,12.835,u,g,cc,v,0.5,f,f,0,f,g,00000,2,-,0.02919753099731627,0.20263736263736265,-0.4808655244742501
a,50.25,0.835,u,g,aa,v,0.5,f,f,0,t,g,00240,117,-,0.05680123626074885,0.5604395604395604,1.5752738077350903
b,29.50,2,y,p,e,h,2,f,f,0,f,g,00256,17,-,0.033345999396857534,0.25641025641025644,-0.17185523171387815
a,37.33,2.5,u,g,i,h,0.21,f,f,0,f,g,00260,246,-,0.042196818897786155,0.37113553113553116,0.4874228588348168
a,41.58,1.04,u,g,aa,v,0.665,f,f,0,f,g,00240,237,-,0.04700090355665546,0.43340659340659343,0.8452685657099067
a,30.58,10.665,u,g,q,h,0.085,f,t,12,t,g,00129,3,-,0.03456680208664079,0.2722344322344322,-0.08092032267267898
b,19.42,7.25,u,g,m,v,0.04,f,t,01,f,g,00100,1,-,0.021951840958880454,0.10871794871794876,-1.0205810494317384
a,17.92,10.21,u,g,ff,ff,0,f,f,0,f,g,00000,50,-,0.020256281667514815,0.08673992673992675,-1.146879534211182
a,20.08,1.25,u,g,c,v,0,f,f,0,f,g,00000,0,-,0.02269788704708133,0.11838827838827837,-0.9650097161287835
b,19.50,0.29,u,g,k,v,0.29,f,f,0,f,g,00280,364,-,0.022042270787753285,0.10989010989010989,-1.0138451302435014
b,27.83,1,y,p,d,h,3,f,f,0,f,g,00176,537,-,0.031458276719137125,0.2319413919413919,-0.3124675447683254
b,17.08,3.29,u,g,i,v,0.335,f,f,0,t,g,00140,2,-,0.019306768464350053,0.0744322344322344,-1.2176066856876704
b,36.42,0.75,y,p,d,v,0.585,f,f,0,f,g,00240,3,-,0.04116817959435767,0.35780219780219785,0.41080177806862134
b,40.58,3.29,u,g,m,v,3.5,f,f,0,t,s,00400,0,-,0.04587053069574504,0.4187545787545787,0.7610695758569443
b,21.08,10.085,y,p,e,h,1.25,f,f,0,f,g,00260,0,-,0.023828259907991756,0.13304029304029302,-0.8808107262758211
a,22.67,0.75,u,g,c,v,2,f,t,02,t,g,00200,394,-,0.025625552756839334,0.15633699633699638,-0.7469343324096107
a,25.25,13.5,y,p,ff,ff,2,f,t,01,t,g,00200,1,-,0.028541914737988228,0.19413919413919417,-0.529700938588968
b,17.92,0.205,u,g,aa,v,0.04,f,f,0,f,g,00280,750,-,0.020256281667514815,0.08673992673992675,-1.146879534211182
b,35.00,3.375,u,g,c,h,8.29,f,f,0,t,g,00000,0,-,0.03956305013186487,0.33699633699633696,0.2912392124774147
